country,page,rev_id,article_quality_est,Population
Czech Republic,Julius Gregr,395521877,Stub,
Czech Republic,Edvard Gregr,395526568,Stub,
Salvadoran,Timoteo Menéndez,566504165,Stub,
Rhodesian,Gervas Clay,574571582,Stub,
"Congo, Dem. Rep. of",Mavua Mudima,592289232,Stub,
East Timorese,"List of members of the parliament of East Timor, 2001–07",638566016,Start,
Faroese,"List of members of the Løgting, 1974–78",643932216,Start,
Faroese,"List of members of the Løgting, 1978–80",643932220,Start,
Faroese,"List of members of the Løgting, 1980–84",643932225,Start,
Faroese,"List of members of the Løgting, 1984–88",643932226,Start,
Faroese,"List of members of the Løgting, 1990–94",643932239,Start,
Faroese,"List of members of the Løgting, 1994–98",643932242,Start,
Cape Colony,James Bisset (mayor),647367482,Start,
Cape Colony,Augustus Joseph Tancred,651250302,Stub,
Cape Colony,Johan Conrad Silberbauer,653467222,Stub,
"Congo, Dem. Rep. of",List of provincial governors of the Democratic Republic of the Congo,663088604,Stub,
South Korean,"List of members of the National Assembly (South Korea), 1950–54",663348266,Stub,
Cape Colony,James Cotterell Hoole,666596918,Stub,
Rhodesian,Harry Davies (politician),669387487,Start,
Cape Colony,Patrick Goold,670210734,Start,
Samoan,Toluono Feti,671515606,Stub,
Czech Republic,Miroslav Poche,672862914,Stub,
Czech Republic,Vojtěch Mynář,673008587,Stub,
Montserratian,Speaker of the Legislative Assembly of Montserrat,674919905,Stub,
Cape Colony,Andries Botha,676828191,B,
Salvadoran,Joaquín Escolán y Balibrera,679294949,Stub,
Cape Colony,Charles William Hutton,680205631,C,
Pitcairn Islands,Chairman of the Island Council (Pitcairn),680532939,Stub,
Rhodesian,William Fairbridge,682576258,Start,
Saint Kitts and Nevis,Earl Asim Martin,687127320,Stub,
Macedonia,List of mayors of Radoviš,690088836,Stub,
Cape Colony,John Blades Currey,693624260,Stub,
Abkhazia,Zaur Avidzba,694519009,Start,
Faroese,"List of members of the Løgting, 1998–2002",698865505,Start,
East Timorese,José Abel,699698855,Stub,
Faroese,Tórbjørn Poulsen,700400143,Stub,
Faroese,Demmus Hentze,701771698,Start,
Niuean,Young Vivian,703037968,Start,
Ivorian,Noel Ahipeaud,703133769,Stub,
Carniolan,Simon Jenko,703436823,Start,
South Korean,Park In-won,703478926,Stub,
Saint Kitts and Nevis,Paul Southwell,703666654,Start,
Saint Lucian,Petrus Compton,703819839,Stub,
Czech Republic,Jan Malypetr,704424304,Stub,
South African Republic,Thomas François Burgers,704636517,C,
Hondura,Céleo Arias,704789339,Stub,
Samoan,James Ah Koy,704919844,B,
Abkhazia,Zaur Ardzinba,704938340,Start,
Czech Republic,Emanuel Moravec,705080136,Start,
Samoan,Va'aelua Eti Alesana,705218371,Start,
Hondura,Juan Francisco de Molina,705346284,Stub,
Hondura,Felipe Neri Medina,705346304,Stub,
Hondura,Mariano Garrigó,705346378,Stub,
Hondura,José María Bustillo (Honduran),705346396,Stub,
Hondura,Francisco Gómez (acting president),705346462,Stub,
Hondura,Salvador Aguirre (Honduras),705346724,Stub,
Hondura,Francisco Bográn,705346741,Stub,
Salvadoran,Fermín Palacios,705353491,Stub,
Salvadoran,Eugenio Aguilar,705353565,Stub,
Salvadoran,Tomás Medina,705353584,Stub,
Salvadoran,Ramón Rodríguez (Salvadoran politician),705353647,Stub,
Salvadoran,Vicente Gómez,705353678,Stub,
Salvadoran,Lorenzo Zepeda,705353843,Stub,
Salvadoran,José María Peralta,705353896,Stub,
Salvadoran,Francisco Menéndez,705353975,Stub,
Salvadoran,Pedro José Escalón,705354095,Stub,
Salvadoran,Fernando Figueroa,705354112,Stub,
Salvadoran,Carlos Meléndez (politician),705354212,Stub,
Salvadoran,Fabio Castillo Figueroa,705385310,Stub,
"Congo, Dem. Rep. of",Eugène Diomi Ndongala Nzomambu,705390654,Stub,
"Congo, Dem. Rep. of",Théophile Mbemba Fundu,705707214,Stub,
"Congo, Dem. Rep. of",Ntumba Luaba,705723187,Stub,
"Congo, Dem. Rep. of",Myra Ndjoku Manianga,705723441,Stub,
Samoan,Misa Telefoni Retzlaff,706207837,Start,
Salvadoran,Ricardo Montenegro,706769596,Stub,
Incan,Vicente Flores,706771757,Stub,
Samoan,Luagalau Levaula Kamu,706804758,Stub,
Samoan,Leafa Vitale,706837234,Stub,
Chechen,Khozh-Ahmed Noukhayev,707217873,C,
Salvadoran,Rafael Campo,707399758,Start,
Salvadoran,Miguel Santín del Castillo,707400213,Stub,
Salvadoran,Osmín Aguirre y Salinas,707403482,Stub,
Salvadoran,Eusebio Rodolfo Cordón Cea,707404888,Stub,
Salvadoran,Juan José Guzmán,707519272,Stub,
Samoan,Niko Lee Hang,707525246,Stub,
Samoan,Tuu'u Anasi'i Leota,707525315,Stub,
Czech Republic,Vladimír Hučín,707597623,Start,
Samoan,Tuiloma Pule Lameko,707750982,Stub,
Hondura,Juan Ramón Salgado,707824636,Stub,
"Congo, Dem. Rep. of",André-Philippe Futa,708009445,Start,
Salvadoran,Juan José Cañas,708089470,Stub,
"Congo, Dem. Rep. of",Gérard Gifuza,708358969,Stub,
"Congo, Dem. Rep. of",Koloso Sumaili,708359204,Stub,
Ivorian,Tuo Fozié,708711840,Start,
Jersey,Terry Le Main,708727189,Start,
Jersey,Paul Routier,708727221,Start,
Jersey,Mike Vibert,708766654,Start,
Saint Kitts and Nevis,Lee Moore (politician),709078753,Stub,
Saint Kitts and Nevis,Joseph Parry (politician),709078817,Start,
Czech Republic,Pavla Topolánková,709676840,Start,
Saint Lucian,Harold Dalson,709912281,Stub,
Saint Lucian,Keith Mondesir,709912316,C,
Saint Lucian,Rufus Bousquet,709914459,Start,
Jersey,Sean Power (Jersey),710334019,Stub,
Saint Kitts and Nevis,Robert James Dugu Gordon,710428915,Stub,
Jersey,Leonard Norman,710503170,Start,
Salvadoran,José Gregorio Salazar,710543364,Start,
Guernsey,Mike Torode,710546915,Stub,
Salvadoran,Diego Vigil Cocaña,710555824,Start,
Salvadoran,Nicolás Espinoza,710578840,Start,
Ivorian,Léon Emmanuel Monnet,710585105,Stub,
Hondura,Juan José Alvarado,710598059,Stub,
Salvadoran,Pedro Barriere,710677703,Start,
Salvadoran,Joaquín de San Martín,710828020,Start,
Hondura,Juan Ángel Almendares Bonilla,711170881,Stub,
Macedonia,Trifun Kostovski,711339559,Start,
Rhodesian,Washington Malianga,711506001,Stub,
Czech Republic,Josef Barák,711675761,Stub,
Rhodesian,Ronald Snapper,712233907,Stub,
East Timorese,Rogerio Lobato,712249441,Start,
Czech Republic,Antonín Švehla,712426548,Stub,
Montserratian,Peter Waterworth,712713704,Stub,
Ivorian,Pierre Djédji Amondji,713176326,Stub,
"Congo, Dem. Rep. of",Célestin Cibalonza Byaterana,713195149,Stub,
"Congo, Dem. Rep. of",Emmanuel Leku Apuobo,713198718,Stub,
"Congo, Dem. Rep. of",Kisula Ngoy,713583472,Stub,
Czech Republic,Jakob Marzel Sternberger,713698544,Stub,
Carniolan,Ivan Hribar,713766077,C,
Faroese,Andrias Christian Evensen,714088539,Start,
"Congo, Dem. Rep. of",Jean Collins Musonda Kalusambo,714150941,Stub,
Czech Republic,Alois Anderka,714174726,Stub,
Ivorian,Auguste Denise,714183793,Stub,
Ivorian,Philippe Yacé,714200423,Stub,
"Congo, Dem. Rep. of",Denis Kalume Numbi,714220527,Start,
Samoan,Laauli Leuatea Polataivao,714244543,Stub,
Salvadoran,José Félix Quirós,714256648,Stub,
Macedonia,Dimitar Dimitrov (writer),714327408,Start,
Ivorian,Jean-Baptiste Mockey,714822110,Stub,
Cape Colony,Joseph Orpen,715016315,C,
Faroese,Hákun Djurhuus,715330944,Stub,
Hondura,Oscar Kilgore,715365023,Stub,
Czech Republic,Ivan Dejmal,715467197,Start,
Faroese,Jógvan Justinusson,715490721,Stub,
Czech Republic,Franz Macoun,715640391,Stub,
Macedonia,Jagnula Kunovska,715648720,Start,
Pitcairn Islands,Edgar Allen Christian,715823848,Stub,
Pitcairn Islands,Frederick Martin Christian,715823876,Stub,
Pitcairn Islands,John Lorenzo Christian,715823908,Stub,
Faroese,Andrass Samuelsen,716137698,Stub,
South Korean,Kim Seung-kew,716323288,Stub,
Saint Vincent and the Grenadines,Joseph Lambert Eustace,716335437,Start,
Saint Lucian,Len Ishmael,716376965,Stub,
Carniolan,Gregor Žerjav,716507073,Start,
Carniolan,Karel Dežman,716574519,C,
South African Republic,Willem Cornelis Janse van Rensburg,716703178,Start,
Czech Republic,Karel Urbánek,716711851,Stub,
Hondura,Roberto Flores Bermúdez,716882219,Stub,
South Ossetian,Stanislav Kochiev,717215546,Start,
South Ossetian,Valeriy Hubulov,717241760,Start,
Pitcairn Islands,Benjamin Stanley Young,717259837,Stub,
Pitcairn Islands,Edward Quintal,717338734,Stub,
Pitcairn Islands,Arthur Quintal I,717340951,Stub,
Pitcairn Islands,Fletcher Christian II,717340996,Stub,
Pitcairn Islands,Moses Young,717341064,Stub,
Pitcairn Islands,Matthew McCoy (Magistrate),717345596,Stub,
Pitcairn Islands,Arthur Quintal II,717346443,Stub,
Carniolan,Josip Vilfan,717350390,B,
Pitcairn Islands,Charles Christian II,717350782,Stub,
South Korean,Seo Young-kyo,717405394,Start,
Czech Republic,Vladimír Klokočka,717429365,Start,
Samoan,To’alepaiali’i Toeolesulusulu Salesa III,717442173,Stub,
Cook Island,Tou Travel Ariki,717545630,Stub,
Cook Island,Piho Rua,717593716,Start,
Carniolan,Luka Svetec,717669055,Start,
Hondura,María Josefa Lastiri,717808509,Start,
Pitcairn Islands,Norris Henry Young,717867039,Stub,
Cook Island,Robert Woonton,717897925,Start,
Salvadoran,Edgardo Carlos Suárez Mallagray,717903674,Stub,
Jersey,Ben Shenton,717911161,Start,
Omani,Hilal Al Sarmi,717915660,Stub,
Macedonia,Stevo Pendarovski,717927538,Start,
Hondura,Eduardo Bueso,718132526,Stub,
Cape Colony,Klaas Afrikaner,718462130,Stub,
"Congo, Dem. Rep. of",Delphin Kyubwa,718961623,Stub,
Samoan,Namulau’ulu Vavae Tuilagi,718995854,Stub,
Guernsey,Laurie Morgan,719122168,Stub,
Cook Island,Ngereteina Puna,719186872,Stub,
Montserratian,Christopher J. Turner,719256142,Start,
Hondura,Elvin Santos,719637124,Start,
Samoan,Lefau Harry Schuster,719691980,Stub,
Pitcairn Islands,Arthur Galsworthy,719706841,Stub,
East Timorese,Manuel Magalhaes de Oliveira,720011934,Stub,
Czech Republic,Jaromír Jermář,720027362,Stub,
Saint Kitts and Nevis,Sam Condor,720360218,Stub,
Salvadoran,Aníbal Portillo,720419598,Stub,
Jersey,Robert Le Masurier,720430005,Stub,
Tokelauan,John Allen (diplomat),720435378,Stub,
Salvadoran,José Francisco Valiente,720478176,Stub,
Saint Kitts and Nevis,Joseph Nathaniel France,720572188,Stub,
Salvadoran,Diego de Holguín,720623176,Stub,
Salvadoran,Sigfrido Reyes Morales,720633452,Start,
"Congo, Dem. Rep. of",Sylvain Ngabu Chumbu,720858135,Start,
Abkhazia,Zurab Achba,721094337,Stub,
"Congo, Dem. Rep. of",José Endundo Bononge,721206007,Stub,
South Ossetian,Rostislav Khugayev,721687759,Start,
Czech Republic,Artur London,721736524,Start,
Faroese,Álvur Kirke,721938213,Stub,
Hondura,Marlon Pascua,722006681,Stub,
Hondura,Domingo Vásquez,722195895,Stub,
Omani,Mohammed Al Rumhi,722258362,Stub,
Guernsey,Peter Harwood,722295712,Stub,
Faroese,Rikard Long,722336332,Start,
Faroese,Sigurð Joensen,722336979,Start,
Hondura,Enrique Flores Lanza,722442093,Stub,
Faroese,Jógvan Poulsen (1854–1941),722590461,Start,
Guernsey,Martin Storey (politician),722806951,Stub,
Czech Republic,František Sláma (politician),722937211,Stub,
Jersey,Kevin C. Lewis,722988899,Stub,
South Korean,Lee Wu-jong,723064614,Stub,
Swaziland,Themba N. Masuku,723121670,Stub,
Czech Republic,Jan Kubice,723151837,Stub,
Samoan,Tuitama Talalelei Tuitama,723152770,Stub,
Hondura,Renan Inestroza,723153856,Stub,
Czech Republic,Kamil Jankovský,723207013,Stub,
Salvadoran,Manuel Enrique Araujo,723277343,Start,
Hondura,Mauricio Oliva,723304712,Stub,
Cape Colony,Christian Groepe,723563811,B,
Dagestani,Karim Mammadbeyov,723563977,Start,
Abkhazia,Shota Shamatava,723736482,Stub,
Saint Kitts and Nevis,Shawn Richards,723892438,Start,
"Congo, Dem. Rep. of",Richard Muyej Mangez,723913158,Stub,
Macedonia,Gordan Georgiev,724075817,Stub,
Macedonia,Slobodan Čašule,724421215,Stub,
Macedonia,Spiro Ristovski,724502588,Stub,
Faroese,Jacob Vestergaard,724674137,Start,
Czech Republic,Václav Vacek,724691268,Stub,
Jersey,Rob Duhamel,724891592,Stub,
Cape Colony,William Hume (Cape politician),724976433,Start,
Faroese,Johan Simonsen,725030656,Stub,
Hondura,Armando Calidonio,725105423,Stub,
"Congo, Dem. Rep. of",Sébastien Impeto Pengo,725141090,Stub,
Faroese,Kári P. Højgaard,725288194,Start,
Hondura,Carlos Urbizo,725343188,Stub,
Czech Republic,Čestmír Císař,725362978,C,
Hondura,Mauricio Villeda,725459626,Stub,
Saint Vincent and the Grenadines,Duvalle,725462724,Start,
Macedonia,Valon Saracini,725551017,Start,
Ivorian,Séry Bailly,725560428,Start,
Macedonia,Mile Zechevikj,725560890,Stub,
Macedonia,Nikola Spasovski,725570133,Stub,
Macedonia,Vančo Šontevski,725570918,Stub,
Macedonia,Risto Gjorgjiev,725570977,Stub,
Macedonia,Vlado Misajlovski,725577168,Stub,
Hondura,Miguel Andonie Fernández,725591760,Stub,
Jersey,Patrick J. D. Ryan,725737326,Stub,
Saint Lucian,Dominic Fedee,725910626,Stub,
Guernsey,William Carey (Bailiff of Guernsey),725970969,Stub,
Montserratian,Howard Fergus,725980651,Start,
Hondura,Yolani Batres,726246603,Stub,
Saint Lucian,Philip Pierre,726374537,Stub,
Carniolan,Janez Evangelist Krek,726434981,Start,
Czech Republic,Luca Rovinalti,726666131,Stub,
Samoan,Le Mamea Matatumua Ata,726724077,Stub,
Samoan,Tole’afoa Solomona To’ailoa,726724455,Stub,
Czech Republic,Kamil Krofta,726762194,Start,
Hondura,Manuel Antonio Alberto Zelaya,726766670,Stub,
Omani,Yahya Al Khusaibi,726862168,Stub,
Greenlandic,List of Danish High Commissioners in Greenland,728026000,Stub,
Cook Island,List of Presidents of the House of Ariki,728378933,Stub,
Czech Republic,Milan Štěch,728506208,Stub,
Macedonia,Ksente Bogoev,728545577,Stub,
Ivorian,Laurent Akoun,729142061,Stub,
Faroese,Kristin Michelsen,729422866,C,
Omani,Sayyid Badr bin Hamad bin Hamood AlBusaidi,729426899,Start,
Guernsey,David Jones (Guernsey politician),729428763,Stub,
Carniolan,Etbin Henrik Costa,729435354,Start,
Czech Republic,Antonín Janoušek,729912438,Stub,
Czech Republic,Bedřich Geminder,730146355,Stub,
Saint Lucian,Hunter J. Francois,730756593,Stub,
Salvadoran,Joaquín Eufrasio Guzmán,730854147,Stub,
Salvadoran,Francisco Malespín,730864227,Stub,
Pitcairn Islands,Jonathan Sinclair,731458576,Stub,
Cape Colony,James Sivewright,731817397,C,
Cape Colony,William Downes Griffith,731908828,Start,
Tokelauan,Neil Walter,732100626,Start,
"Congo, Dem. Rep. of",Clovis Kabongo Malemba,733051797,Stub,
Ivorian,Daniel Aka Ahizi,733596387,Stub,
Salvadoran,Rodrigo Ávila,733791467,Start,
Faroese,Lisbeth L. Petersen,734668075,Start,
Czech Republic,Karel Domin,735174171,Start,
Ivorian,Bamba Mamadou,735408389,Stub,
Faroese,Símun av Skarði,735578210,Stub,
Salvadoran,Mario Aguiñada Carranza,736491718,Start,
Macedonia,Ferdinand Odžakov,736545789,Stub,
South African Republic,Harry Struben,736854878,Start,
Saint Lucian,Vincent Floissac,736890123,Start,
Saint Lucian,George Odlum,736890129,GA,
Jersey,Philippe de Carteret II,737014330,Start,
Saint Kitts and Nevis,Patrice Nisbett,737165159,Stub,
Montserratian,Ashley Greenwood,737169369,Start,
Cape Colony,John Sweet Distin,737348283,Start,
"Congo, Dem. Rep. of",François Nicéphore Kakese,737533634,Stub,
Czech Republic,Hubert Ripka,737562321,Start,
East Timorese,João Viegas Carrascalão,737687072,Start,
Cook Island,Tangaroa Tangaroa,737975585,Start,
Salvadoran,David Rodríguez Rivera,738362225,Start,
Macedonia,Slobodan Bogoevski,738375479,Stub,
Macedonia,Ministry of Environment and Physical Planning,738431228,Stub,
Carniolan,Mihael Preiss,738955897,Stub,
Samoan,Lealailepule Rimoni Aiafi,738999542,Start,
Samoan,Va'ai Papu Vailupe,739170575,Start,
Samoan,Palusalue Fa’apo II,739170586,Start,
Samoan,Tolofuaivalelei Falemoe Lei’ataua,739170620,Start,
Samoan,A'eau Peniamina,739170646,Start,
Samoan,Patu Ativalu,739170663,Stub,
Saint Vincent and the Grenadines,Charles Antrobus,739296460,Stub,
Samoan,Sua Sulu'ape Paulo II,740773350,C,
Jersey,Connétable (Jersey and Guernsey),740998059,Start,
Salvadoran,Carlos Ezeta,741190933,Stub,
Czech Republic,Tomáš Eduard Šilinger,741588720,Stub,
Carniolan,Karel Lavrič,741794691,C,
Czech Republic,Petr Janyška,741798984,Stub,
Greenlandic,Gunnar Martens,742150479,Stub,
Salvadoran,Andrés Ignacio Menéndez,742279612,Stub,
Hondura,Abraham Alvarenga Urbina,742298045,Stub,
Jersey,Alan J. H. Maclean,742413962,Stub,
"Congo, Dem. Rep. of",Raymond Ramazani Baya,742707920,Stub,
Guernsey,Lyndon Trott,742737553,Stub,
Guernsey,Jonathan Le Tocq,742872067,Start,
Guernsey,Graham Dorey,742872751,Stub,
Ossetian,Alan Parastaev,743018109,Start,
"Congo, Dem. Rep. of",Mulumba Lukoji,743061455,Stub,
Salvadoran,Gerardo Barrios,743252984,Start,
Czech Republic,Jana Juřenčáková,743423675,Stub,
Ivorian,Simeon Aké,743428650,Start,
Tokelauan,Tim Francis,744394596,Stub,
Czech Republic,Jaromír Nečas,744448745,Stub,
Ivorian,Martial Joseph Ahipeaud,744522699,Stub,
Czech Republic,Siegfried Taub,744612257,Start,
Carniolan,Lovro Toman,744636212,Start,
Ivorian,Innocent Anaky,744920472,Start,
Samoan,Asiata Sale'imoa Va'ai,745204530,Stub,
Jersey,Michel Couriard,745348113,Start,
Hondura,Agapito Robleda Castro,745838578,Start,
Saint Vincent and the Grenadines,David Emmanuel Jack,745928420,Stub,
Hondura,César Castellanos (politician),746117875,Stub,
Czech Republic,Záviš Kalandra,746707985,Stub,
Cape Colony,John Thomas Eustace,746923352,C,
Rhodesian,Gerald B. Clarke,747497059,Stub,
Swaziland,Moses Mathendele Dlamini,747579157,Start,
Carniolan,Bogumil Vošnjak,747945423,Start,
South Ossetian,Boris Chochiev,748071193,Stub,
Pitcairn Islands,Simon Young (magistrate),748179514,Stub,
Samoan,Aiono Nonumalo Sofara,748298776,Stub,
Samoan,Mata'afa Faumuina Fiame Mulinu'u I,748384437,Start,
Salvadoran,Rubén Zamora,748418081,Start,
Guernsey,De Vic Carey,748457839,Start,
Samoan,Fiame Mata'afa Faumuina Mulinu'u II,748477510,C,
Faroese,Finnbogi Ísakson,748477895,Start,
Hondura,Adolfo Lionel Sevilla,748832681,Stub,
Pitcairn Islands,Brian Young (magistrate),749046736,Stub,
Hondura,Vicente Tosta,749185736,Start,
"Congo, Dem. Rep. of",Alexandre Luba Ntambo,749397818,Stub,
"Congo, Dem. Rep. of",Oscar Kashala,749419078,Start,
Czech Republic,Alois Rašín,749575931,Start,
Hondura,Aníbal Delgado Fiallos,749663646,Start,
Hondura,Toribio Aguilera,749695259,Stub,
Ivorian,First Lady of Ivory Coast,749766207,Stub,
Czech Republic,Bedřich Reicin,749945936,Start,
South Ossetian,Yury Morozov,749962491,Start,
Salvadoran,Antonio José Cañas,749973666,Start,
Salvadoran,José Atilio Benítez Parada,749976455,Stub,
Faroese,"List of members of the Løgting, 1988–90",750074079,Start,
Faroese,Brandur Sandoy,750167873,Start,
Cape Colony,Jeremias Ziervogel,750299694,Start,
"Congo, Dem. Rep. of",Jean-Marie Runiga Lugerero,750725157,Stub,
Ivorian,Queen Pokou,750972336,Start,
Macedonia,Vangel Ajanovski-Oče,751054819,Stub,
"Congo, Dem. Rep. of",Christian Malanga,751152656,C,
"Congo, Dem. Rep. of",Faustin Birindwa,751361476,Stub,
Pitcairn Islands,Joshua Hill (Pitcairn Island leader),751464749,Stub,
Czech Republic,Bernd Richter,751718674,Stub,
Czech Republic,Kamil Kalina,753045804,Stub,
East Timorese,Manuel Carrascalão,753061850,Stub,
"Congo, Dem. Rep. of",Chikez Diemu,753704394,Stub,
Jersey,Guy de Faye,754330569,Start,
"Congo, Dem. Rep. of",Minister of Foreign Affairs (Democratic Republic of the Congo),754344309,Start,
Pitcairn Islands,George Fergusson (diplomat),754790610,C,
Pitcairn Islands,James Russell McCoy,754935959,Start,
Pitcairn Islands,Matthew Edmond McCoy,754935982,Stub,
Faroese,"List of members of the Løgting, 2015–19",754952121,Start,
Faroese,"List of members of the Løgting, 2011–15",754952298,Start,
Faroese,"List of members of the Løgting, 2008–11",754952557,Start,
Faroese,"List of members of the Løgting, 2004–08",754952620,Start,
Faroese,"List of members of the Løgting, 2002–04",754952690,Start,
Abkhazia,Sumbat Saakian,755193428,Stub,
Czech Republic,Richard Sacher,755428089,Stub,
Cook Island,Speaker of the Cook Islands Parliament,755442454,Start,
Ivorian,Émile Boga Doudou,755479236,C,
Carniolan,Fran Levstik,755713654,Start,
East Timorese,Adalgisa Magno Guterres,755908563,Stub,
East Timorese,María do Céu,755908564,Start,
Ivorian,Adrien Jules Jean Bonhoure,756060260,Stub,
Czech Republic,Václav Fischer,756317863,Start,
Macedonia,Emil Kirjas,756341426,Stub,
"Congo, Dem. Rep. of",Edouard Kiove Kola,756510063,Stub,
Faroese,Bárður á Steig Nielsen,756602743,Start,
Faroese,Edmund Joensen,756654638,Stub,
Faroese,Jørgen Niclasen,756654880,Stub,
Greenlandic,Sara Olsvig,756830216,Stub,
Saint Lucian,Ezechiel Joseph,757044849,Stub,
Cook Island,Maria Heather,757064438,Stub,
Cook Island,Tetangi Matapo,757064793,Stub,
Cook Island,Selina Napa,757064845,Stub,
Cook Island,Dorice Reid,757065079,B,
Cook Island,Ngai Tupa,757065152,Stub,
Montserratian,Teresina Bodkin,757086597,Stub,
Montserratian,Shirley Osborne,757086621,Stub,
Hondura,Nora Gúnera de Melgar,757092750,Stub,
Greenlandic,Kathrine Chemnitz,757102071,Start,
Greenlandic,Augusta Salling,757103267,Stub,
Palauan,Leilani Reklai,757106724,Stub,
Samoan,Matatumua Maimoana,757107378,Start,
Samoan,Laulu Fetauimalemau Mata'afa,757107952,C,
Omani,Fahd bin Mahmoud al Said,757164616,Stub,
Czech Republic,Božena Viková-Kunětická,757336278,Stub,
Ossetian,Taymuraz Mamsurov,757343822,Start,
Greenlandic,Agathe Fontain,757539811,Stub,
East Timorese,Ana Pessoa Pinto,757539934,Stub,
Greenlandic,Ane Hansen (politician),757539958,Stub,
Cook Island,Cassey Eggelton,757540405,Stub,
Swaziland,Constance Simelane,757540600,C,
Hondura,Elizabeth Azcona Bocock,757561950,Start,
Samoan,Fiame Naomi Mata'afa,757562316,Start,
Saint Lucian,Menissa Rambally,757615710,Start,
Samoan,Safuneitu'uga Pa'aga Neri,757616961,Stub,
Hondura,Sandra Midence,757617005,Stub,
Salvadoran,Violeta Menjívar,757618572,Start,
"Congo, Dem. Rep. of",Daniel Mukoko Samba,757821887,Stub,
Cape Colony,Henry Latham Currey,757832561,Start,
Saint Kitts and Nevis,Premier of Nevis,757950077,Stub,
Salvadoran,Santiago González (politician),757977772,Stub,
Salvadoran,Rosa Amelia Guzmán,758287489,Start,
Salvadoran,Gloria Salguero Gross,758288293,C,
Czech Republic,Mikuláš of Hus,758942647,Stub,
Samoan,Gatoloaifaana Amataga Alesana-Gidlow,758953501,Stub,
Czech Republic,Gertruda Sekaninová-Čakrtová,759446334,GA,
South Korean,Yu In-chon,760062536,Start,
Ivorian,Seydou Diarra,760303900,Start,
Ivorian,Gilbert Aké,760304267,Stub,
Ivorian,Jeannot Ahoussou-Kouadio,760393381,Start,
Saint Lucian,Damian Greaves,760443772,Stub,
South Ossetian,Aleksandr Shavlokhov,760473086,Stub,
South Ossetian,Merab Chigoev,760473130,Stub,
South Ossetian,Gerasim Khugayev,760473192,Start,
South Ossetian,Igor Sanakoyev,760473237,Stub,
South Ossetian,Zurab Kokoyev,760473273,Stub,
East Timorese,Rosa Bonaparte,760534473,Stub,
Omani,Rawya Saud Al Busaidi,760558966,Stub,
Montserratian,Adrian Davis (governor),762009545,Stub,
Macedonia,Abdylaqim Ademi,762110004,Stub,
Samoan,Tuala Ainiu Iusitino,762572848,Stub,
Palauan,Antonio Bells,762610456,Stub,
Chechen,Alibek Delimkhanov,762868684,Stub,
Saint Vincent and the Grenadines,Sydney Gun-Munro,762906552,Stub,
Guernsey,Bailiff of Guernsey,762910285,GA,
Macedonia,Dobri Veličkovski,763061803,Stub,
"Congo, Dem. Rep. of",Dolly Makambo Nawezi,763323939,Stub,
Rhodesian,Francis Chaplin,763530115,Stub,
Rhodesian,Roger Hawkins (politician),763533706,Start,
Rhodesian,George Mitchell (Rhodesia),763540238,Stub,
Greenlandic,Asii Chemnitz Narup,763742018,Stub,
Niuean,Robert Rex,763768679,Start,
Cook Island,Norman George,763769083,Start,
Cook Island,John Tangi,763769086,Stub,
Cook Island,Vai Peua,763769088,Stub,
Cook Island,Teariki Heather,763769233,Start,
Cook Island,George Angene,763769688,Stub,
Cook Island,Albert (Peto) Nicholas,763770488,Stub,
Cook Island,Tupou Faireka,763774025,Stub,
Cook Island,Mark Brown (Cook Islands),763774066,Stub,
Cook Island,Nandi Glassie,763774069,Stub,
Cook Island,Apii Piho,763775030,Stub,
Cook Island,Winton Pickering,763775034,Stub,
Cook Island,Albert Nicholas (Cook Islands),763775035,Stub,
Cook Island,Vincent Ingram,763775867,Start,
Cook Island,Terepai Maoate Jnr,763775893,Stub,
Cook Island,Toanui Isamaela,763776103,Stub,
Cook Island,Tangata Vavia,763776191,Start,
Cook Island,Taunga Toka,763776193,Stub,
Cook Island,Teremoana Tapi Taio,763776229,Stub,
Cook Island,Tepure Tapaitau,763776231,Start,
Cook Island,Mapu Taia,763776235,Stub,
Cook Island,Pupuke Robati,763776270,Start,
Cook Island,Wilkie Rasmussen,763776271,Start,
Cook Island,Tai Tura,763776737,Stub,
Cook Island,Tekii Lazaro,763776768,Stub,
Cook Island,Kura Strickland,763776806,Stub,
Cook Island,Mii Parima,763776808,Stub,
Cook Island,Joe Williams (Cook Islands politician),763776856,Start,
Cook Island,Kiriau Turepu,763776860,Stub,
Rhodesian,John Landau,763870152,Stub,
"Congo, Dem. Rep. of",Germain Kambinga,763943185,Stub,
Rhodesian,Byron Hove,763951988,Start,
Palauan,Haruo Remeliik,764341685,Stub,
Ivorian,Henri Konan Bédié,764345360,B,
Macedonia,Stanko Mladenovski,764411930,Stub,
Pitcairn Islands,Richard Fell,764601118,Start,
Hondura,Juan Alberto Melgar Castro,764646645,Stub,
"Congo, Dem. Rep. of",Richard Ndambu Wolang,764771546,Stub,
"Congo, Dem. Rep. of",Simon Mbatshi Batshia,764771615,C,
"Congo, Dem. Rep. of",José Makila Sumanda,764771652,Stub,
"Congo, Dem. Rep. of",Trésor Kapuku Ngoy,764771697,Stub,
"Congo, Dem. Rep. of",Charles Mwando Simba,764791046,Stub,
Palauan,Roman Tmetuchl,765032190,GA,
Palauan,Vice President of Palau,765102210,Stub,
Cape Colony,Henry Juta,765333482,Stub,
Salvadoran,David Joaquín Guzmán,765528693,Start,
Macedonia,Siljan Avramovski,765551331,Start,
"Congo, Dem. Rep. of",Jules Fontaine Sambwa,765570258,Start,
East Timorese,Fernanda Borges,765600414,Stub,
Chechen,Beibulat Taimiev,765616552,Start,
"Congo, Dem. Rep. of",Mabi Mulumba,765799138,Stub,
"Congo, Dem. Rep. of",N'Singa Udjuu,765799213,Stub,
"Congo, Dem. Rep. of",Sultani Makenga,765834828,Stub,
Czech Republic,Petr Mlsna,765838180,Stub,
"Congo, Dem. Rep. of",Josué Alex Mukendi,765871730,Stub,
"Congo, Dem. Rep. of",Raymond Tshibanda,765923988,Start,
"Congo, Dem. Rep. of",Banza Mukalay,765924619,Start,
"Congo, Dem. Rep. of",Évariste Boshab,765925554,Stub,
Faroese,Jóannes Eidesgaard,765947137,Start,
Faroese,Jógvan á Lakjuni,765947416,Start,
Niuean,Atapana Siakimotu,766068997,Stub,
Niuean,Ahohiva Levi,766068998,Stub,
Niuean,Bill Vakaafi Motufoou,766069253,Stub,
Niuean,Pokotoa Sipeli,766069256,Stub,
Niuean,Terry Coe,766069372,Stub,
Niuean,Togiavalu Pihigia,766069407,Stub,
Niuean,Hima Douglas,766069520,Stub,
Niuean,Dalton Tagelagi,766069576,Stub,
South Ossetian,Lyudvig Chibirov,766130279,Stub,
Jersey,Vernon Tomes,766480006,Start,
Ivorian,Affoussiata Bamba-Lamine,766524815,Start,
"Congo, Dem. Rep. of",Marie-Ange Mushobekwa,766647953,Stub,
Salvadoran,Francisco Gómez (El Salvador President),766757526,Start,
Cook Island,Inatio Akaruru,766806728,Start,
Rhodesian,Hilary Squires,766847256,Stub,
Cook Island,Terepai Maoate,767048874,Start,
Cook Island,Deputy Prime Minister of the Cook Islands,767048881,Start,
Omani,"Azzan bin Qais, Sultan of Muscat and Oman",767183600,Stub,
Palauan,Surangel Whipps Jr.,767195006,Stub,
Ivorian,Lambert Amon Tanoh,767265950,Stub,
Samoan,Paul Alan Cox,767363297,C,
Cape Colony,Simeon Jacobs,767856232,C,
Omani,Taimur bin Feisal,767885927,Start,
Cook Island,Atatoa Herman,767994335,Stub,
Czech Republic,Antonín Cyril Stojan,768047769,C,
"Congo, Dem. Rep. of",Jean Andeka,768228272,Stub,
Ivorian,Jean-Louis Billon,768302622,Start,
Guernsey,Ambrose Sherwill,768625520,C,
"Congo, Dem. Rep. of",Aimé Ngoy Mukena,768670214,C,
Czech Republic,František Kubka,768676716,Stub,
Montserratian,David G. P. Taylor,768679602,Start,
Carniolan,Ivan Tavčar,769425247,C,
Salvadoran,Francisco Dueñas,769575358,Stub,
Ivorian,Robert Beugré Mambé,769591168,Stub,
Niuean,Michael Jackson (journalist),770018880,Start,
Montserratian,Sarita Francis,770131970,Start,
South Korean,Kim Wan-ju,770622878,Stub,
South Korean,Park Yong-jin,770623036,Start,
Salvadoran,Rafael Zaldívar,770682721,Start,
Ivorian,Abdourahmane Cissé,770710515,C,
South Korean,Lee Jong-kul,770757174,Stub,
Greenlandic,Aleqa Hammond,770757601,Start,
South Korean,Kim Hyun-jong,770760118,Stub,
Saint Lucian,Richard Frederick,770812205,Start,
Saint Lucian,Oliver Plunkett (judge),770813700,Stub,
Saint Lucian,Gale Rigobert,770814043,Stub,
Saint Vincent and the Grenadines,Frederick Ballantyne,770827509,C,
Saint Vincent and the Grenadines,Terrance Ollivierre,770829069,Start,
Tokelauan,Duncan MacIntyre (New Zealand politician),770994352,C,
Saint Vincent and the Grenadines,Milton Cato,771015590,Start,
Cape Colony,William Schreiner,771024710,Start,
Niuean,Enetama Lipitoa,771152922,Stub,
Samoan,Tuala Falenaoti Tiresa Malietoa,771267864,Stub,
Montserratian,David Brandt (politician),771351774,Stub,
Montserratian,Bertrand Osborne,771351955,Stub,
Montserratian,Percival Austin Bramble,771352057,Stub,
Tokelauan,Russell Marshall,771460602,C,
Samoan,Toi Aukuso Cain,771651038,Stub,
Macedonia,Goran Mitevski,771736771,Stub,
"Congo, Dem. Rep. of",Aimé Boji,772045942,Stub,
Chechen,Isa Gendergenoevsky,772274868,Stub,
"Congo, Dem. Rep. of",Léonard Mulamba,772317052,Start,
South African Republic,"Kruger House, Pretoria",772410051,Stub,
"Congo, Dem. Rep. of",Noel K Tshiani Muadiamvita,772818039,C,
East Timorese,Nicolau dos Reis Lobato,772890380,Stub,
Jersey,Philip Bailhache,773230341,C,
Saint Lucian,Heraldine Rock,773251387,Start,
Jersey,Jean Poingdestre,773316732,Start,
Palauan,Alfonso Oiterong,773405868,Stub,
Hondura,Vilma Cecilia Morales,773563309,Stub,
Czech Republic,Josef Pfitzner,773853256,Start,
Faroese,Anfinn Kallsberg,773895078,Start,
"Congo, Dem. Rep. of",Kasongo Ilunga,774263410,Start,
South Korean,Shin Ki-ha,774367693,Stub,
Ossetian,Head of the Republic of North Ossetia-Alania,774555176,Stub,
Jersey,Peter Hanning,774568909,Start,
Czech Republic,Vladimír Franz,774595725,C,
"Congo, Dem. Rep. of",Pierre Lumbi Okongo,774679596,Start,
Ivorian,Vice-President of Ivory Coast,774756970,Start,
Macedonia,Stevčo Jakimovski,774773036,Stub,
Macedonia,Mile Janakieski,774773200,Stub,
Saint Kitts and Nevis,Vance Amory,774778329,C,
Rhodesian,Cecil Dennistoun Burney,774837666,Stub,
Salvadoran,Óscar Ortiz (El Salvador),774857245,Stub,
Omani,"Turki bin Said, Sultan of Muscat and Oman",774877670,Stub,
South Korean,Lee Chunhee,775234175,Stub,
Saint Lucian,Peter Josie,775241473,Start,
South Korean,Ahn Dae-hee,775458263,Stub,
South Korean,Ahn Gyu-baek,775458608,Start,
South Korean,Park Hong-keun,775458639,Start,
Cape Colony,George Strahan,775481498,Start,
Niuean,Sani Lakatani,775947817,Stub,
Czech Republic,Jan Stocklassa,776095794,Stub,
Czech Republic,Jaroslav Krejčí,776197284,Start,
South African Republic,Boekenhoutfontein,776299184,Start,
Czech Republic,Libuše Benešová,776338134,Stub,
Czech Republic,Daniela Filipiová,776338195,Start,
Ivorian,Jean Konan Banny,776348888,Start,
"Congo, Dem. Rep. of",Jeannette Kavira Mapera,776372644,Stub,
Saint Lucian,Jeannine Compton-Antoine,776374386,Stub,
Czech Republic,Moses Porges von Portheim,776487173,Start,
Czech Republic,Jan Kasl,776508129,Start,
Czech Republic,Jiří Kittner,776509425,Stub,
Czech Republic,Miloslav Vlček,776513404,Stub,
Czech Republic,Ivo Svoboda (politician),776513552,Start,
Czech Republic,Hana Orgoníková,776513802,Stub,
Czech Republic,Pavel Dostál,776514175,Start,
Cape Colony,John Bardwell Ebden,776725178,Start,
Czech Republic,Jiří Lobkowicz,776751749,Stub,
South Korean,Ahn Sang-yeong,777008205,Stub,
South Korean,Jang Deok-jin,777070214,Stub,
Palauan,Johnson Toribiong,777304756,Start,
Hondura,Carlos Zúñiga Figueroa,777334919,Start,
Carniolan,Josip Jurčič,777587526,Stub,
Carniolan,Josip Vošnjak,777588436,Start,
Hondura,José Adolfo Alvarado Lara,777592070,Stub,
Salvadoran,José Damián Villacorta,777601256,Start,
Salvadoran,José Escolástico Marín,777602660,Stub,
Salvadoran,José María Cornejo,777612972,Start,
Salvadoran,José María Peralta Lagos,777613551,Stub,
Salvadoran,José María San Martín,777613737,Start,
Salvadoran,José María Silva,777613786,Start,
Hondura,Juan Carlos Zuniga,777669643,Stub,
Salvadoran,Juan Manuel Rodríguez,777685186,Start,
Salvadoran,Juan Vicente Villacorta Díaz,777698313,Start,
Hondura,Julio Lozano Díaz,777796210,Stub,
Czech Republic,Bohuslav Kokotek,777876483,Stub,
Czech Republic,Alena Hanáková,778095433,Stub,
Greenlandic,Katrine Larsen Lenner,778461046,Stub,
Saint Kitts and Nevis,Edmund Wickham Lawrence (Governor-General),778464259,Start,
Salvadoran,Juan José Daboub,778564487,C,
Palauan,Kerai Mariur,778679721,Stub,
Cook Island,Kete Ioane,778717694,Start,
Cook Island,Tom Davis (Cook Islands politician),778763952,C,
Cook Island,Niki Rattle,778789714,Stub,
South Korean,Kim Jae-soon,778915319,Stub,
South Korean,Kim Jin-sun,778916810,Stub,
Cape Colony,Jan Hendrik Hofmeyr (Onze Jan),779046359,C,
Macedonia,Ilija Dimovski,779048199,Stub,
Pitcairn Islands,William Alfred Young,779056744,Stub,
Niuean,O'Love Jacobsen,779369629,C,
Niuean,Sisilia Talagi,779369671,Stub,
Niuean,Salilo Tongia,779369724,Stub,
Niuean,Va'aiga Tukuitonga,779369750,Stub,
Saint Kitts and Nevis,Ada Mae Edwards,779378782,Start,
Saint Kitts and Nevis,Constance V. Mitcham,779379168,Start,
Czech Republic,Irena Kočí,779417455,Stub,
Czech Republic,Martin Netolický,779417738,Stub,
Czech Republic,David Rath,779418369,Start,
Czech Republic,Eva Nováková,779498276,Stub,
Czech Republic,Vojtěch Adam,779500408,Stub,
Czech Republic,Vlastimil Balín,779500749,Stub,
Czech Republic,Jiří Dolejš,779500957,Stub,
Czech Republic,Zuzka Bebarová-Rujbrová,779501010,Stub,
Czech Republic,Marie Stiborová,779501096,Start,
Czech Republic,Jiří Svoboda (politician),779501161,Stub,
Czech Republic,Miloslava Vostrá,779501194,Stub,
Czech Republic,Jiří Čeřovský,779501654,Stub,
Czech Republic,Jan Korger,779501783,Stub,
South Korean,Kim Il-ung,779544705,Stub,
South Korean,Koo Kyo-hyun,779544873,Stub,
Hondura,Juan Carlos Valenzuela (politician),779557210,Stub,
East Timorese,Adalgisa Ximenes,779579546,Stub,
Czech Republic,Kateřina Jacques,779581127,C,
Ivorian,Jacqueline Oble,779741800,C,
Czech Republic,Tomáš Chalupa,779839245,Stub,
Czech Republic,Pavel Blažek,779839319,Stub,
Czech Republic,Aleš Řebíček,779839400,Stub,
Czech Republic,Ivan Langer,779839455,Start,
Czech Republic,Jan Stráský,779839492,Start,
Czech Republic,Jan Chvojka,779842639,Stub,
Czech Republic,Marie Benešová,779847262,Stub,
Czech Republic,Juraj Chmiel,779847492,Stub,
Czech Republic,Daniela Kovářová,779847531,Stub,
Czech Republic,Rostislav Vondruška,779847687,Stub,
Czech Republic,Martin Štěpánek (actor),779847799,Start,
Czech Republic,Helena Třeštíková,779847837,Stub,
Czech Republic,Milena Vicenová,779847883,Stub,
Czech Republic,Jaroslav Bašta,779848743,Stub,
Czech Republic,Josef Lux,779849059,Stub,
Czech Republic,Miroslav Macek,779849258,Stub,
Czech Republic,Ladislav Miko,779849694,Stub,
Czech Republic,Džamila Stehlíková,779849767,Stub,
Salvadoran,José Arturo Vásquez Machado,779894617,Stub,
Salvadoran,Andrés del Valle,779931580,Start,
"Congo, Dem. Rep. of",Vice-Presidents of the Democratic Republic of the Congo,780035740,Stub,
Czech Republic,Jozef Moravčík,780051829,Stub,
South Korean,Ji Sang-wook,780227423,Start,
Saint Lucian,Lenard Montoute,780250934,Start,
Rhodesian,Mark Partridge,780260926,Stub,
Carniolan,Janez Bleiweis,780281974,Start,
Czech Republic,Milan Uhde,780321961,Stub,
Faroese,Kaj Leo Johannesen,780361487,Start,
Macedonia,Todor Petrov,780424320,C,
Czech Republic,František Pitra,780534080,Stub,
Czech Republic,Oldřich Černík,780534267,Stub,
Greenlandic,Maliina Abelsen,780537008,Start,
Faroese,Rigmor Dam,780543271,Start,
Faroese,Hanna Jensen,780543417,Start,
Faroese,Sonja Jógvansdóttir,780543635,Start,
Faroese,Karin Kjølbro,780543692,Start,
Salvadoran,Lilian Mercedes Letona,780552804,Start,
Salvadoran,Carlos Quintanilla Schmidt,780701356,Stub,
"Congo, Dem. Rep. of",Odilon Kafitwe wa pa Bowa,780757242,Start,
Samoan,Muagututagata Peter Ah Him,780759402,Stub,
Czech Republic,Otakar Motejl,780868492,Start,
Czech Republic,Ludwig Czech,780887131,Stub,
Czech Republic,Rudolf Beran,780921783,Start,
Salvadoran,Enrique Álvarez Córdova,781102914,Stub,
South Korean,Chung Hong-won,781133659,Start,
South Korean,Kim Byong-joon,781134255,Stub,
Montserratian,Winston Pond,781452925,Stub,
Macedonia,Metodija Andonov-Čento,781819701,Start,
Faroese,Jóannes Patursson,781915668,Start,
Czech Republic,Victor Adler,782058966,Start,
Samoan,Sua Rimoni Ah Chong,782134923,Start,
"Congo, Dem. Rep. of",Louis Alphonse Koyagialo,782350026,Start,
Saint Lucian,Louis George (politician),782356881,Stub,
Czech Republic,Emil Beier,782384016,Stub,
Chechen,Ibragim Khultygov,782430810,Stub,
Samoan,Luamanuvao Winnie Laban,782465136,Start,
South Korean,Hong Ihk-pyo,782498395,Start,
Salvadoran,Arturo Araujo,782520448,Stub,
Rhodesian,Prime Minister of Rhodesia,782602484,Start,
"Congo, Dem. Rep. of",Luzolo Bambi Lessa,782618365,Start,
Ossetian,Akhsarbek Galazov,782634776,Start,
South Korean,Jeon Soon-ok,782649404,Stub,
Salvadoran,Rubén Alonso Rosales,782652818,Start,
Palauan,President of Palau,782714724,Stub,
Pitcairn Islands,Governor of Pitcairn,782764117,Start,
Samoan,Order of Merit of Samoa,782768517,Stub,
"Congo, Dem. Rep. of",Jonas Mukamba Kadiata Nzemba,782825984,Start,
Czech Republic,Bruno Kafka,783065752,Stub,
Omani,Badr bin Saud al Busaidi,783116680,Stub,
Rhodesian,Leo Cardwell Ross,783150296,Start,
Rhodesian,Josiah Gondo,783150589,C,
Cape Colony,Charles Abercrombie Smith,783249147,C,
Cape Colony,Charles Brownlee,783250295,C,
Rhodesian,Dunduzu Chisiza,783301534,B,
"Congo, Dem. Rep. of",Arthur Z'ahidi Ngoma,783354232,Stub,
Saint Kitts and Nevis,Marcella Liburd,783358108,Start,
South African Republic,State President of the South African Republic,783371989,Start,
Salvadoran,Mariano Prado,783472679,Start,
Hondura,Mario Alexander Barahona Martínez,783532382,Stub,
Hondura,Mario Canahuati,783534612,Stub,
Saint Lucian,Mario Michel,783539672,Start,
Samoan,Sapa'u Ruperake Petaia,783679600,Stub,
Czech Republic,Lucie Talmanová,783711789,Start,
Czech Republic,Martin Mejstřík,783737915,Stub,
Pitcairn Islands,Martin Williams (diplomat),783746509,Stub,
Montserratian,Mary Rose Tuitt,783821985,Start,
Incan,María Sumire,783850857,Start,
Chechen,Movladi Udugov,783907075,C,
Macedonia,Vera Aceva,783955998,Start,
Hondura,Matías Funes,784048015,Start,
Jersey,Dean of Jersey,784051930,Start,
Czech Republic,Vlastimil Tusar,784145485,Start,
Chechen,Doku Zavgayev,784167327,Start,
"Congo, Dem. Rep. of",Emile Mota,784182810,Start,
Saint Kitts and Nevis,Mark Brantley,784208810,Start,
Macedonia,Dragan Bogdanovski,784214010,Stub,
Ivorian,Ernest Boka,784395089,Stub,
Samoan,Le Mamea Ropati,784413731,Start,
Faroese,Erlendur Patursson,784440060,Start,
Jersey,"Alexander Coutanche, Baron Coutanche",784462137,C,
Salvadoran,Pío Romero Bosque,784506431,Stub,
Rhodesian,Allan Ross Welsh,784562559,C,
Cook Island,Frederick Tutu Goodwin,784686871,Start,
Guernsey,Geoffrey Rowland,784691815,Start,
Cape Colony,George Cathcart,784693349,Start,
Saint Vincent and the Grenadines,Henry Harvey Williams,784724223,Start,
Cape Colony,Henry Torrens,784726341,Start,
Rhodesian,John Moore Caldicott,784757829,Start,
Rhodesian,John Ralph Beaumont,784758963,Start,
Cape Colony,Frederick Schermbrucker,784765242,Start,
Rhodesian,Leonard Ray Morgan,784769027,Start,
Guernsey,List of Bailiffs of Guernsey,784770354,Start,
Saint Vincent and the Grenadines,Monica Dacon,784784479,Stub,
Cook Island,Ngamau Munokoa,784786128,Start,
Rhodesian,Raleigh Grey,784826325,Start,
Czech Republic,Petr Bendl,784826685,Start,
Czech Republic,Petr Gandalovič,784826720,Start,
Cape Colony,Richard Solomon (Attorney General),784829553,Start,
Rhodesian,Robert Clarkson Tredgold,784830601,Start,
Rhodesian,Robert James Hudson,784831407,B,
Jersey,Terry Le Sueur,784849252,Stub,
Montserratian,Tony Longrigg,784856577,Stub,
Cape Colony,Walter Hely-Hutchinson,784862369,Start,
Rhodesian,William Harper (Rhodesian politician),784870217,FA,
Montserratian,Deborah Barnes-Jones,784875662,Start,
Czech Republic,Tomáš Vandas,784968648,Start,
Rhodesian,Rowan Cronjé,784974615,GA,
Czech Republic,Robert Mayr-Harting,785085345,Stub,
Saint Lucian,Marie Grace Augustin,785101569,C,
Dagestani,Aziz Aliyev,785202362,C,
Salvadoran,Alfonso Quiñónez Molina,785229840,Stub,
South Korean,Lee Hae-chan,785317852,Start,
Czech Republic,Karel Havlíček Borovský,785407597,C,
Pitcairn Islands,David Aubrey Scott,785508390,Start,
Dagestani,Mukhu Aliyev,785532389,Start,
Samoan,Tui Manuʻa Elisala,785553682,Start,
Cape Colony,Henry White (Cape Treasurer General),785566972,C,
Swaziland,Ntfombi of Swaziland,785654533,C,
Salvadoran,Jorge Meléndez,786063735,Stub,
Salvadoran,Carmen Elena Figueroa,786068145,Stub,
Macedonia,Ljupco Andonovski,786138077,Stub,
Cape Colony,Jacobus Wilhelmus Sauer,786142993,C,
Czech Republic,Jan Černý,786162238,Start,
Hondura,María Antonieta de Bográn,786165176,Stub,
Jersey,Don Filleul,786175308,Stub,
Abkhazia,Zakan Jugelia,786203824,Start,
Chechen,Head of the Chechen Republic,786231010,Start,
Tokelauan,Guy Powles,786375181,C,
Czech Republic,Josef Frank (politician),786399604,Stub,
Salvadoran,Felipe Codallos,786492357,Stub,
Salvadoran,Tomás Regalado (Salvadoran politician),786492366,Stub,
"Congo, Dem. Rep. of",Lambert Mende Omalanga,786579616,Stub,
Rhodesian,Edgar Whitehead,786601705,Start,
Czech Republic,Philip Kinsky of Wchinitz and Tettau,786612217,Start,
Cook Island,Henry Puna,786648340,C,
Rhodesian,Henry Hamilton Beamish,786659504,Start,
"Congo, Dem. Rep. of",Justine Kasa-Vubu,786751925,Start,
Samoan,Mata'afa,786776338,Start,
Cape Colony,Charles Lennox Stretch,786803200,Start,
"Congo, Dem. Rep. of",Cléophas Kamitatu,786874201,C,
Cape Colony,John Tengo Jabavu,786916027,Start,
Cape Colony,Philip John Stigant,786972727,Start,
Palauan,Kuniwo Nakamura,786992351,Start,
Jersey,Augustus Asplet Le Gros,787012860,Start,
Jersey,Philippe Langlois,787046159,Stub,
Cook Island,Moana Ioane,787050138,Stub,
Rhodesian,Lionel Cripps,787105083,Start,
Rhodesian,A. R. Colquhoun,787147677,Start,
Chechen,Mairbek Sheripov,787163671,Stub,
Cook Island,Marguerite Story,787227714,Start,
Ivorian,François Amichia,787310676,Stub,
"Congo, Dem. Rep. of",Jean Nguza Karl-i-Bond,787378464,Start,
Macedonia,Abdilaqim Ademi,787391041,Start,
Greenlandic,Agnethe Davidsen,787423025,Stub,
Ivorian,Aboubakar Diaby Ouattara,787437447,Stub,
Samoan,Polataivao Fosi,787519332,C,
Cape Colony,Henry Pottinger,787552653,C,
"Congo, Dem. Rep. of",Adam Bombolé,787602247,Stub,
South African Republic,Transvaal Civil War,787611475,C,
"Congo, Dem. Rep. of",Adolphe Lumanu,787715913,Stub,
"Congo, Dem. Rep. of",Adolphe Muzito cabinet,787716080,Start,
"Congo, Dem. Rep. of",Justin Marie Bomboko,787797355,Start,
Rhodesian,John McChlery,787854502,Stub,
Macedonia,Timco Mucunski,787914897,Start,
Omani,"Salim bin Thuwaini, Sultan of Muscat and Oman",787929352,Start,
Czech Republic,Luboš Dobrovský,787952395,Stub,
Czech Republic,Bedřich Moldan,787952868,Stub,
Guernsey,Diane Lewis (Guernsey legislator),787954113,Stub,
Guernsey,Wendy Morgan (politician),787954138,Stub,
Jersey,Sarah Craig Ferguson,787955357,Start,
Jersey,Wendy Kinnard,787955613,Stub,
Jersey,Iris Le Feuvre,787956265,Start,
Jersey,Judy Martin (politician),787956300,Stub,
Jersey,Kristina Moore,787956364,Start,
Jersey,Susan Pinel,787956392,Stub,
Jersey,Shona Pitman,787956492,Stub,
Jersey,Anne Pryke,787956513,Stub,
Jersey,Corrie Stein,787956597,Stub,
Jersey,Tracey Vallois,787957954,Stub,
Saint Kitts and Nevis,Attorney General of Saint Kitts and Nevis,787971501,Start,
Saint Vincent and the Grenadines,Camillo Gonsalves,787976333,Start,
"Congo, Dem. Rep. of",Christian Atoki Ileka,787978838,Stub,
Macedonia,Gabriela Konevska-Trajkovska,787991725,Stub,
Macedonia,Ilinka Mitreva,787991780,Stub,
Macedonia,Igor Džundev,788000145,Stub,
Czech Republic,Martin Palouš,788015952,Start,
East Timorese,Milena Pires,788017619,Start,
"Congo, Dem. Rep. of",Paul Joseph Mukungubila Mutombo,788024194,C,
Macedonia,Ljube Boškoski,788026057,C,
"Congo, Dem. Rep. of",Ferdinand Essandja,788054013,Stub,
Ivorian,Youssouf Bakayoko,788065543,Stub,
Cape Colony,Thomas Charles Scanlen,788098639,C,
Czech Republic,Hermann Zwierzina,788121309,Stub,
Czech Republic,Eduard Zeman,788178766,Stub,
Saint Kitts and Nevis,Clement Arrindell,788231533,Start,
Cook Island,Apenera Short,788240713,Start,
Salvadoran,Doroteo Vasconcelos,788264133,GA,
Pitcairn Islands,Harold Smedley,788318957,Start,
Ivorian,Chantal Compaoré,788330706,GA,
Cape Colony,Saul Solomon,788361321,C,
Czech Republic,Richard Bienert,788410657,Start,
Ivorian,Désiré Tagro,788421683,Start,
Guernsey,Peter de Havilland,788446515,C,
Salvadoran,Alfredo Cristiani,788447923,C,
East Timorese,Alfredo Pires,788450147,Stub,
Ivorian,Mamadou Koulibaly,788462808,C,
"Congo, Dem. Rep. of",Martin Kabwelulu,788465848,Start,
Ivorian,Pascal Affi N'Guessan,788498433,C,
Cook Island,Mana Strickland,788499686,Start,
Palauan,Tommy Remengesau,788566799,C,
Palauan,Thomas Remengesau Sr.,788566961,Stub,
Palauan,Ngiratkel Etpison,788567219,Start,
Samoan,Tony Tuimavave,788649434,Start,
Saint Vincent and the Grenadines,Alphonso Theodore Roberts,788672768,Start,
Cape Colony,Thomas Upington,788717893,C,
Macedonia,Zoran Veruševski,788727080,Stub,
Saint Lucian,Alvina Reynolds,788727127,Stub,
Ivorian,Étienne Djaument,788825623,Stub,
Ivorian,Victor Biaka Boda,788825785,Stub,
Ivorian,Loubo Augustin Djessou,788827789,Stub,
Omani,Rahila Al Riyami,788828342,Stub,
Cook Island,William (Smiley) Heather,788897273,Start,
Cook Island,Rose Toki-Brown,788897549,Stub,
Cook Island,Teina Bishop,788898457,Start,
Cook Island,Pumati Israela,788899523,Stub,
Montserratian,William Henry Bramble,788976365,C,
Faroese,Niels Winther Poulsen,789029085,Stub,
Abkhazia,Raul Eshba,789039267,Stub,
Carniolan,Andrej Einspieler,789072979,Start,
Macedonia,Andrej Žernovski,789073582,Start,
Czech Republic,Václav Hampl,789102318,Start,
Cape Colony,Andries Stockenström (judge),789120101,C,
Cape Colony,Robert Wynyard,789258720,C,
Carniolan,Ivan Lorković,789263095,Start,
Carniolan,Janko Kersnik,789273199,Start,
Faroese,Bjørt Samuelsen,789306157,Start,
Faroese,Jenis av Rana,789307497,Start,
Faroese,Heðin Mortensen,789307569,Start,
Faroese,Rasmus Effersøe,789307632,Start,
Faroese,Trygvi Samuelsen,789308387,Start,
Faroese,Eilif Samuelsen,789308554,Stub,
Faroese,Jógvan Skorheim,789310556,Start,
Chechen,Alu Alkhanov,789327678,C,
Chechen,Adam Delimkhanov,789328171,Start,
Ossetian,Alexander Dzasokhov,789328182,Start,
Dagestani,Magomedali Magomedov,789329935,Start,
"Congo, Dem. Rep. of",Antipas Mbusa,789437538,Start,
Ivorian,Aké Loba,789476691,Stub,
"Congo, Dem. Rep. of",Laurent Mbariko,789487250,Start,
Rhodesian,Jeremiah Chirau,789545107,Stub,
Czech Republic,Miroslav Grebeníček,789546047,Stub,
Czech Republic,Vlasta Štěpová,789546066,Stub,
Czech Republic,Egon Lánský,789546079,Start,
Czech Republic,Antonín Prachař,789546102,Stub,
Czech Republic,Milan Horálek,789546147,Stub,
Hondura,Orle Solís,789599196,Stub,
Hondura,Sergio Arturo Castellanos,789599235,Stub,
Hondura,Hipólita Rodríguez,789599241,Stub,
Hondura,German Leitzelar,789599248,Stub,
Hondura,Marco Antonio Andino,789599260,Stub,
Hondura,Lisandro Mauricio Arias,789599265,Stub,
Hondura,José Azcona Bocock,789599272,Stub,
Hondura,Yadira Bendaña,789599288,Stub,
Hondura,José Rosario Bonano,789599294,Stub,
Hondura,Romualdo Bueso Melghem,789599300,Stub,
Hondura,Teófilo Enamorado,789599316,Stub,
Hondura,Gabo Alfredo Jalil,789599319,Stub,
Hondura,Eleazar Alexander Juárez,789599323,Stub,
Hondura,Carlos Alfredo Lara Watson,789599331,Stub,
Hondura,Wenceslao Lara Orellana,789599336,Stub,
Hondura,Maria Aracely Leiva,789599343,Stub,
Hondura,Fredy Renán Nájera,789599348,Stub,
Hondura,Waldina Paz,789599355,Stub,
Hondura,Jesús Dagoberto Perdomo,789599360,Stub,
Hondura,Modesto Rodas Alvarado,789599369,Stub,
Hondura,Erick Mauricio Rodríguez,789599374,Stub,
Hondura,Víctor Rolando Sabillón,789599381,Stub,
Hondura,Dennis Antonio Sánchez,789599388,Stub,
Hondura,Elman Joel Sandoval,789599393,Stub,
Hondura,Mario Edgardo Segura,789599398,Stub,
Hondura,Perla Simons,789599401,Stub,
Hondura,Felipe Zúniga del Cid,789599406,Stub,
Hondura,Juan Francisco Argeñal,789599415,Stub,
Hondura,Nasry Asfura,789599418,Stub,
Hondura,Yaudet Burbara,789599427,Stub,
Hondura,Oscar Orlando Burgos,789599429,Stub,
Hondura,Wilfredo Bustillo Castellanos,789599434,Stub,
Hondura,Victoria Carrasco,789599444,Stub,
Hondura,Gladys Bernarda Casco,789599449,Stub,
Hondura,Rigoberto Chang Castillo,789599455,Stub,
Hondura,María Teresa Chávez,789599463,Stub,
Hondura,Alberto Chedrani,789599476,Stub,
Hondura,Celín Discua,789599485,Stub,
Hondura,Martha Concepción Figueroa,789599488,Stub,
Hondura,Brenda Mercedes Flores,789599496,Stub,
Hondura,Julio César Gámez Interiano,789599506,Stub,
Hondura,Roberto Gámez Panchamé,789599509,Stub,
Hondura,Miguel Ángel Gámez,789599513,Stub,
Hondura,Lorena Enriqueta Herrera,789599522,Stub,
Hondura,Rodolfo Irias Navas,789599528,Stub,
Hondura,Abraham Kafati Díaz,789599532,Stub,
Hondura,Juan Fernando Lobo,789599542,Stub,
Hondura,Miguel Edgardo Martínez,789599547,Stub,
Hondura,Eliseo Noel Mejía,789599561,Stub,
Hondura,Oscar Ramón Nájera,789599562,Stub,
Hondura,Claudio Roberto Perdomo,789599568,Stub,
Hondura,Mario Alonso Pérez López,789599570,Stub,
Hondura,Milton Jesús Puerto,789599575,Stub,
Hondura,Oswaldo Ramos Soto,789599581,Stub,
Hondura,Donaldo Ernesto Reyes,789599586,Stub,
Hondura,Antonio Rivera Callejas,789599589,Stub,
Hondura,José Juan Rivera Ramos,789599594,Stub,
Hondura,Salvador Valeriano Pineda,789599607,Stub,
Hondura,Welsy Vásquez,789599609,Stub,
Hondura,José Rodolfo Zelaya,789599615,Stub,
Hondura,Yessenia Coely Zelaya,789599618,Stub,
Hondura,Adela Elizabeth Zúñiga,789599620,Stub,
Hondura,Ramón Villeda Bermúdez,789600726,Stub,
Hondura,Jorge Aguilar Paredes,789600760,Stub,
Hondura,Andrés Pavón,789600953,Stub,
Hondura,Marvin Ponce,789600975,Stub,
Hondura,Jorge Elvir,789601015,Stub,
Hondura,Rodolfo Padilla Sunseri,789601536,Stub,
Cape Colony,"John de Villiers, 1st Baron de Villiers",789675927,C,
Carniolan,Ivan Šusteršič,789681987,Start,
Rhodesian,Winston Field,789689591,C,
Faroese,Louis Zachariasen,789708924,Start,
Jersey,"Sir Philip Carteret, 1st Baronet",789753704,Stub,
Jersey,"Sir Philip Carteret, 2nd Baronet",789753711,Stub,
Saint Vincent and the Grenadines,Arnhim Eustace,789761357,C,
Omani,List of rulers of Oman,789761641,B,
Saint Lucian,Arsene James,789789654,Stub,
Abkhazia,Bagrat Shinkuba,789818648,Start,
Abkhazia,Samson Chanba,789818730,Start,
"Congo, Dem. Rep. of",Union of Congolese Patriots,789898887,Start,
Montserratian,John Kemys Spencer-Churchill,789918293,Stub,
Guernsey,Gavin St Pier,789938377,Stub,
Chechen,Aslambek Aslakhanov,789949907,Stub,
South Ossetian,Aslanbek Bulatsev,789950396,Start,
Palauan,Raynold Oilouch,789983618,Stub,
Rhodesian,Howard Unwin Moffat,790010191,Start,
Swaziland,Bheki Dlamini,790010530,Stub,
Swaziland,Bhekimpi Dlamini,790010540,Stub,
Swaziland,Jameson Mbilini Dlamini,790010556,Stub,
Swaziland,Lutfo Dlamini,790010558,Stub,
Swaziland,Mabandla Dlamini,790010563,Stub,
Swaziland,Makhosini Dlamini,790010573,Stub,
Swaziland,Mphiwa Dlamini,790010577,Stub,
Swaziland,Obed Dlamini,790010578,Stub,
Swaziland,Paul Dlamini,790010579,Stub,
Swaziland,Themba Dlamini,790010705,Stub,
Swaziland,Njabulo Mabuza,790010716,Stub,
Swaziland,Charles Myeza,790010723,Stub,
Swaziland,Sishayi Nxumalo,790010729,Stub,
Swaziland,Paul Shabangu,790010732,Stub,
Swaziland,Trusty Gina,790010783,Stub,
Swaziland,Marwick Khumalo,790010820,Stub,
Palauan,Lazarus Salii,790011394,Stub,
Macedonia,Mincho Jordanov,790065914,Stub,
Swaziland,Prince Sozisa Dlamini,790090661,B,
South Korean,Yu Myung-hwan,790178486,Stub,
South Korean,Yoon Young-kwan,790178940,Start,
South Korean,Yoon Jeung-hyun,790179508,Stub,
South Korean,Suh Sang-chul,790180349,Start,
Carniolan,Philipp von Cobenzl,790213148,Start,
Ivorian,Aya Virginie Toure,790279945,C,
"Congo, Dem. Rep. of",Azarias Ruberwa,790305725,Start,
Czech Republic,Antonín Novotný,790372008,C,
Palauan,Ngedikes Olai Uludong,790410665,Start,
Hondura,Mireya Agüero,790412309,Start,
Hondura,María Dolores Agüero,790412332,Start,
Saint Lucian,Sarah Flood-Beaubrun,790422420,Start,
Macedonia,Gordana Jankuloska,790422718,Stub,
Palauan,Sandra Pierantozzi,790423026,Stub,
Macedonia,Sašo Mijalkov,790441999,Start,
South Korean,Bak Maeng-woo,790471224,C,
Jersey,"Henry Carteret, 1st Baron Carteret",790484914,C,
"Congo, Dem. Rep. of",Banyingela Kasonga,790586686,Start,
Czech Republic,Zuzana Brzobohatá,790608148,Stub,
Czech Republic,Alena Palečková,790608180,Stub,
Czech Republic,Zuzana Roithová,790608186,Start,
Montserratian,Reuben Meade,790614135,Start,
Swaziland,Andreas Fakudze,790636139,Stub,
Tokelauan,Salesio Lui,790644183,Stub,
Tokelauan,Kuresa Nasau,790644216,Stub,
Tokelauan,Patuki Isaako,790644404,Stub,
Tokelauan,Kolouei O'Brien,790647368,Stub,
"Congo, Dem. Rep. of",Anicet Kashamura,790738130,Stub,
Czech Republic,"List of MPs elected in the Czech legislative election, 2017",790838510,Stub,
Pitcairn Islands,List of high commissioners of the United Kingdom to New Zealand,790881651,Start,
"Congo, Dem. Rep. of",Sophie Kanza,790942655,Start,
Macedonia,Maksim Dimitrievski,791059536,Stub,
"Congo, Dem. Rep. of",Bertrand Bisimwa,791074307,Stub,
Guernsey,Francis Weston,791169532,C,
Ivorian,Bernard Zadi Zaourou,791177695,Stub,
Pitcairn Islands,Betty Christian,791265995,Start,
Czech Republic,Martin Jahn,791374581,Start,
South Korean,Lee Wan-koo,791389950,Start,
Chechen,Ruslan Khasbulatov,791803238,Start,
Salvadoran,Óscar Osorio,791821555,Start,
Macedonia,Bojan Bojanovski,791879937,Stub,
Samoan,Tuimaleali'ifano,791884820,Stub,
Hondura,Rosa Elena Bonilla,791906998,Stub,
Hondura,Xiomara Castro,791907048,C,
Salvadoran,Lourdes Rodríguez de Flores,791907279,Stub,
Salvadoran,Álvaro Magaña,791907345,Stub,
Salvadoran,Salvador Castaneda Castro,791911972,B,
Macedonia,Boris Trajkovski,791970429,C,
Montserratian,Wilfred Bennett Davidson-Houston,791981452,Start,
Macedonia,Mirvan Xhemaili,791991542,Start,
Somaliland,List of Presidents of Somaliland,792010538,Start,
"Congo, Dem. Rep. of",Charles Kisolokele,792037043,Start,
South Korean,Kim Chang-ryong,792037093,Start,
Hondura,Eduardo Gauggel Medina,792070727,Stub,
Macedonia,Branko Crvenkovski,792146742,Start,
Cape Colony,Philip Edmond Wodehouse,792178662,C,
Salvadoran,Julio Adalberto Rivera Carballo,792385744,Start,
Saint Kitts and Nevis,Tapley Seaton,792406694,Start,
Czech Republic,Pavel Rychetský,792417439,Stub,
Guernsey,Richard Collas,792424069,Start,
Czech Republic,Gustáv Slamečka,792476721,Start,
Jersey,Frank Walker (Jersey politician),792567273,Start,
Macedonia,Bujar Osmani,792571494,Stub,
Faroese,Annika Olsen,792595685,Start,
Dagestani,Magomedsalam Magomedov,792949749,Start,
South African Republic,"Heroes' Acre, Pretoria",793010122,Start,
Czech Republic,Edvard Kožušník,793087579,Stub,
Samoan,Dave Solomon (rugby),793129536,Start,
Hondura,Carlos Escaleras,793178396,Start,
Hondura,Carlos Gabriel Kattán,793179072,Stub,
Hondura,Carlos Ramón Aguilar Guifarro,793183704,Stub,
Salvadoran,Carlos Salazar Castro,793184472,Start,
Jersey,Carolyn Labey,793221391,Stub,
East Timorese,Mário Viegas Carrascalão,793270640,B,
Faroese,Páll á Reynatúgvu,793276089,Start,
Faroese,Atli Dam,793277402,Start,
Samoan,Va'ai Kolone,793294077,Start,
Faroese,Henrik Old,793353435,Start,
Guernsey,Victor Carey,793355768,C,
Faroese,Marita Petersen,793394960,Start,
Jersey,Cecil Stanley Harrison,793405839,Stub,
"Congo, Dem. Rep. of",Antoine Ghonda,793411567,Start,
Swaziland,Ndumiso Mamba,793428048,Stub,
East Timorese,José Abílio Osório Soares,793454583,Start,
Salvadoran,Maximiliano Hernández Martínez,793642670,C,
Czech Republic,Jan Masaryk,793642926,C,
Cape Colony,Charles Aken Fairbridge,793643575,Stub,
Ivorian,Charles Konan Banny,793682835,Start,
Montserratian,Elizabeth Carriere,793896767,Stub,
Samoan,Tamaseu Leni Warren,793926721,Stub,
Salvadoran,Reynaldo Galindo Pohl,794052085,Stub,
"Congo, Dem. Rep. of",Abdoulaye Yerodia Ndombasi,794072384,Start,
"Congo, Dem. Rep. of",Paul Bolya,794134715,Start,
Czech Republic,Jan Koukal,794146543,Stub,
Chechen,Sergey Abramov (politician),794171049,Stub,
Cape Colony,William Howley Goodenough,794193433,Start,
Ivorian,Christine Adjobi,794194775,Stub,
Samoan,Mata'afa Iosefo,794202189,Start,
Cape Colony,George Thomas Napier,794346758,Start,
Salvadoran,Ciro Cruz Zepeda,794459622,Start,
Hondura,José Alfredo Saavedra,794482135,Stub,
Rhodesian,Ken Flower,794528943,Start,
Salvadoran,Ana Ligia Mixco Sol de Saca,794561394,Start,
South African Republic,"Clarens, Switzerland",794593079,Start,
Omani,Malek Bin Sulaiman Al Ma'amari,794599835,Stub,
South Korean,Yun Duk-min,794638210,Stub,
Cape Colony,William Butler (British Army officer),794705198,C,
Omani,"Said bin Sultan, Sultan of Muscat and Oman",794725141,C,
Saint Kitts and Nevis,Konris Maynard,794794927,Stub,
Cook Island,Robert Wigmore,794802546,Start,
Cook Island,Pukeiti Pukeiti,794802590,Stub,
Chechen,Malik Saidullaev,794893770,Start,
Pitcairn Islands,Meralda Warren,794905581,C,
Salvadoran,Carlos Humberto Romero,794988963,Start,
Czech Republic,Pavel Bém,794995687,Start,
Jersey,List of Bailiffs of Jersey,795069319,Start,
Czech Republic,"List of MPs elected in the Czech legislative election, 2013",795098385,C,
Palauan,Elias Camsek Chin,795139723,Start,
Saint Vincent and the Grenadines,Joseph Chatoyer,795283194,Start,
Saint Vincent and the Grenadines,Louis Straker,795343481,Start,
Rhodesian,Andrew Skeen (Rhodesia),795348776,Stub,
Macedonia,Zoran Stavreski,795362031,Stub,
Rhodesian,Hugh Beadle,795369277,FA,
Czech Republic,Vít Bárta,795377941,Stub,
Rhodesian,Hugh Marshall Hole,795483112,Start,
South Korean,Cheong Yang-seog,795546187,Stub,
South Korean,Chin Young,795546191,Start,
South Korean,Kim Kwan-yong,795546228,Start,
South Korean,Lee Hahn-koo,795546245,Stub,
South Korean,Lee Jung-hyun (politician),795546256,Stub,
Salvadoran,Ana María,795573859,Start,
Cape Colony,"Sir George Yonge, 5th Baronet",795625420,C,
Tokelauan,Afega Gaualofa,795631781,Stub,
Tokelauan,Siopili Perez,795633170,Stub,
Pitcairn Islands,Victoria Treadell,795649021,Start,
South Ossetian,President of South Ossetia,795669553,Start,
Jersey,John Le Couteur,795676915,C,
Hondura,César Ham,795765167,Stub,
Czech Republic,Karl Kautsky,795807571,C,
Czech Republic,Karl von Czyhlarz,795809115,Stub,
Saint Kitts and Nevis,Robert Llewellyn Bradshaw,796076948,C,
Jersey,Jim Perchard,796095584,Start,
"Congo, Dem. Rep. of",Freddy Matungulu,796099032,C,
Salvadoran,Arturo Armando Molina,796131598,Stub,
Faroese,Pauli Ellefsen,796170338,Start,
Jersey,Bryan Ian Le Marquand,796170389,Start,
Faroese,Rasmus Rasmussen (writer),796170437,C,
Hondura,Mario Fernando Hernández,796180350,Start,
Pitcairn Islands,Charles Richard Parkin Christian,796203049,Stub,
Pitcairn Islands,Warren Clive Christian,796203180,Stub,
Pitcairn Islands,Jay Warren,796203252,Start,
Czech Republic,Václav Fresl,796253432,Stub,
Swaziland,Dzeliwe of Swaziland,796256782,Start,
Hondura,Eduardo Gauggel Rivas,796291215,Stub,
Samoan,Ale Vena Ale,796309750,Stub,
Cape Colony,Christoffel Brand,796352977,C,
Samoan,Keneti Sio,796377891,Stub,
Czech Republic,Josef Václav Frič,796403608,Start,
Pitcairn Islands,Robert Alston,796592041,Stub,
Hondura,Bernard Martínez Valerio,796597000,Start,
Hondura,Felicito Ávila,796635107,Stub,
Cape Colony,Henry Barkly,796646347,C,
Hondura,Patricia Rodas,796709335,Start,
East Timorese,Roque Rodrigues,796722416,Stub,
Niuean,Togia Sioneholo,796747380,Stub,
Czech Republic,Tomáš Zdechovský,796749458,C,
Czech Republic,Andrea Češková,796751775,Stub,
Czech Republic,Dana Kuchtová,796752629,Stub,
Czech Republic,Rudolf Margolius,796825099,C,
East Timorese,Avelino Coelho da Silva,796886084,Stub,
Dagestani,Sagid Murtazaliev,796896055,Start,
Ossetian,Alla Dzhioyeva,796950389,C,
Cape Colony,Lord Charles Somerset,797029963,Start,
East Timorese,Manuel Tilman,797040695,Stub,
Saint Kitts and Nevis,Simeon Daniel,797053483,Start,
Salvadoran,Carlos Eugenio Vides Casanova,797151261,C,
Ivorian,Charles Blé Goudé,797168824,C,
Macedonia,Adnan Jashari,797194590,Start,
Macedonia,Radmila Šekerinska,797194679,Start,
Chechen,Akhmed Zakayev,797214106,B,
Pitcairn Islands,Butterworth Stavely,797221428,Start,
Chechen,Sheikh Mansur,797258871,Start,
East Timorese,Isabel da Costa Ferreira,797279277,C,
Cook Island,John Henry (Cook Islands politician),797303432,Stub,
Cook Island,Geoffrey Henry,797303508,Start,
Cook Island,Albert Henry (politician),797303536,C,
Rhodesian,Roy Welensky,797314307,FA,
"Congo, Dem. Rep. of",Emmanuel Dungia,797348410,C,
Hondura,Carlos Humberto Reyes,797385790,Start,
Rhodesian,Abel Muzorewa,797407618,C,
"Congo, Dem. Rep. of",Munga Mibindo,797435100,Stub,
East Timorese,Emília Pires,797438594,C,
"Congo, Dem. Rep. of",Eric Lenge,797446004,Start,
Faroese,Peter Mohr Dam,797450160,Stub,
Faroese,Knút Wang,797493287,Start,
Faroese,Sjúrður Skaale,797493405,C,
Swaziland,Ben Nsibandze,797494822,Stub,
Hondura,Carlos López Contreras,797499354,Stub,
Czech Republic,František Ladislav Rieger,797539957,C,
Rhodesian,Signatories of Rhodesia's Unilateral Declaration of Independence,797546082,Start,
Hondura,Sadia Argueta,797677168,Stub,
Hondura,Margarita Dabdoub Sikaffi,797684912,Start,
Jersey,Andrew Green (Jersey politician),797693636,Stub,
Cape Colony,Benjamin D'Urban,797735815,C,
Ivorian,Sékou Sanogo,797736207,Stub,
Ivorian,Paul Antoine Bohoun Bouabré,797737768,Start,
Jersey,Geraint Jennings,797746493,Start,
Niuean,Premier of Niue,797757076,Start,
Saint Kitts and Nevis,List of Prime Ministers of Saint Kitts and Nevis,797760842,Start,
Saint Lucian,List of Prime Ministers of Saint Lucia,797760898,Start,
Saint Vincent and the Grenadines,List of Prime Ministers of Saint Vincent and the Grenadines,797760926,Start,
Samoan,Prime Minister of Samoa,797760961,C,
Omani,Yusuf bin Alawi bin Abdullah,797805284,Start,
South Korean,Kim Chong-hoh,797806095,Stub,
South Ossetian,Prime Minister of South Ossetia,797825875,Start,
Czech Republic,Petr Mach,797842545,Start,
Palauan,Akiko Sugiyama,797884160,Stub,
Swaziland,List of Prime Ministers of Swaziland,797904256,Start,
Saint Lucian,Allan Louisy,797914672,Start,
Saint Lucian,Allen Montgomery Lewis,797914793,Start,
Omani,Samira bint Mohamed Al-Moosa,797947292,Stub,
Saint Lucian,Boswell Williams,797970479,Stub,
Cape Colony,John Charles Molteno,797978795,C,
Saint Lucian,George Charles,798164824,Start,
Cape Colony,"George Macartney, 1st Earl Macartney",798165649,C,
Saint Lucian,George Mallet,798165675,Start,
Samoan,Tupua Tamasese Lealofi IV,798166885,Stub,
Samoan,Tofilau Eti Alesana,798166951,Start,
"Congo, Dem. Rep. of",Guy-Patrice Lumumba,798185563,Stub,
East Timorese,Xanana Gusmão,798242613,C,
Jersey,Ian Gorst,798244483,Start,
Montserratian,"Government House, Montserrat",798265888,Start,
South Korean,Chung Ho-yong,798295710,Stub,
Salvadoran,Miguel Álvarez Castro,798306895,Stub,
Guernsey,Daniel de Lisle Brock,798315235,C,
East Timorese,José Luís Guterres,798334210,Start,
Cape Colony,William Porter (Attorney General),798383131,C,
Rhodesian,Jack Howman,798384751,Stub,
Hondura,José Tomás Ponce,798394355,Stub,
Hondura,Mary Elizabeth Flores,798401950,Start,
Swaziland,Barnabas Sibusiso Dlamini,798454144,Start,
"Congo, Dem. Rep. of",Joseph Kabila,798455633,GA,
Hondura,José Cecilio del Valle,798460200,C,
Salvadoran,José Guillermo García,798460321,Start,
Saint Lucian,Julian Hunte,798468800,Start,
"Congo, Dem. Rep. of",Kavidi Wivine N'Landu,798489264,Stub,
Czech Republic,Jaroslava Moserová,798490261,Start,
Rhodesian,Ethel Tawse Jollie,798492985,Start,
Samoan,Aiono Fanaafi Le Tagaloa,798494387,Start,
Chechen,Ali Mitayev,798580067,Start,
South Korean,Lee Jae-myung,798611948,Stub,
Abkhazia,Efrem Eshba,798644673,Stub,
Czech Republic,Vávra Suk,798648973,Stub,
Czech Republic,Vojtěch Náprstek,798686948,C,
Somaliland,Dahir Riyale Kahin,798692052,Start,
Czech Republic,Lubomír Štrougal,798705619,Start,
Cape Colony,David Tennant (politician),798742813,C,
Saint Kitts and Nevis,Kennedy Simmonds,798766032,Stub,
Czech Republic,Jan Krejčí,798796793,B,
Samoan,Le Tagaloa Pita,798807561,Start,
"Congo, Dem. Rep. of",Jeannot Bemba Saolona,798859637,Stub,
Saint Vincent and the Grenadines,Ebenezer Joshua,798864996,Start,
Salvadoran,Marisol Argueta de Barillas,798896224,Start,
Czech Republic,Radek John,798944631,Stub,
"Congo, Dem. Rep. of",Medard Mulangala,798948484,C,
East Timorese,Arsénio Bano,798969127,Stub,
Saint Lucian,Morella Joseph,799034545,Stub,
"Congo, Dem. Rep. of",Mpinga Kasenda,799044574,Stub,
East Timorese,Nino Konis Santana,799059687,Stub,
Ivorian,Léon Konan Koffi,799061508,Stub,
South Korean,Lee Nak-hoon,799083872,C,
Tokelauan,David Payton,799209983,Stub,
Hondura,David Romero Ellner,799220342,Start,
Hondura,Norma Haydee Calderón,799300330,Stub,
Czech Republic,Jan Jesenius,799301686,C,
Montserratian,Donaldson Romeo,799317293,Start,
"Congo, Dem. Rep. of",Fernand Kazadi,799328311,Start,
"Congo, Dem. Rep. of",Antoine-Roger Bolamba,799328685,Stub,
"Congo, Dem. Rep. of",Odette Babandoa Etoa,799331221,Start,
Rhodesian,Alan David Butler,799332728,Start,
South Ossetian,Leonid Tibilov,799335775,Start,
Saint Kitts and Nevis,Timothy Harris,799339256,Start,
Hondura,Olman Danery Maldonado,799341541,Stub,
Cape Colony,Andries Stockenström,799373837,B,
Cape Colony,"Sir Harry Smith, 1st Baronet",799472552,C,
Ivorian,Paul Yao N'Dré,799484902,C,
Jersey,George Carteret,799514955,C,
"Congo, Dem. Rep. of",Monique Mukuna Mutombo,799533831,Start,
Omani,Moosa AbdulRahman Hassan,799540696,C,
Rhodesian,Jack William Pithey,799548505,Start,
Rhodesian,President of Rhodesia,799548556,C,
Pitcairn Islands,Gerard Bromley Robert Christian,799551777,Stub,
Pitcairn Islands,Ivan Christian,799551778,Stub,
Pitcairn Islands,Pervis Ferris Young,799551779,Stub,
Pitcairn Islands,Thursday October Christian II,799551780,Start,
Pitcairn Islands,Brenda Christian,799551784,Start,
East Timorese,President of East Timor,799570306,Start,
Rhodesian,Denis Walker,799608339,C,
Abkhazia,Garri Aiba,799618550,Start,
Cook Island,Jim Marurai,799769949,C,
Saint Lucian,Pearlette Louisy,799842307,C,
Ivorian,Daniel Kablan Duncan,799873303,Start,
"Congo, Dem. Rep. of",Ekila Liyonda,799913697,Start,
Salvadoran,René Emilio Ponce,799918049,Stub,
"Congo, Dem. Rep. of",Augustin Matata Ponyo,799930121,Start,
Saint Kitts and Nevis,Ouboutou Tegremante,799930780,Stub,
South Korean,Yoo Il-ho,799945764,Stub,
"Congo, Dem. Rep. of",Nkulu Mitumba Kilombo,800087105,Stub,
Ivorian,Augustin Thiam,800116906,Start,
Pitcairn Islands,Shawn Christian (mayor),800137512,Start,
Cape Colony,Charles Henry Darling,800159179,Start,
Hondura,Silvia Ayala,800166969,Stub,
Ivorian,Simone Gbagbo,800169882,C,
Saint Vincent and the Grenadines,James Fitz-Allen Mitchell,800257111,Start,
South Korean,Park Young-sun,800258105,Start,
"Congo, Dem. Rep. of",Laurent Nkunda,800298783,C,
Rhodesian,James Cowden,800407772,Stub,
Rhodesian,Herbert Chitepo,800416336,C,
Salvadoran,Guillermo Ungo,800478736,Stub,
Rhodesian,Thomas Nangle,800479460,Start,
South African Republic,"Statue of Paul Kruger, Church Square",800488968,Start,
"Congo, Dem. Rep. of",Christophe Gbenye,800537411,Start,
Czech Republic,Josef Ježek,800555146,Start,
Hondura,Ricardo Álvarez Arias,800643446,Stub,
Swaziland,Sotsha Dlamini,800650407,Stub,
Saint Lucian,Stanislaus A. James,800680583,Start,
Saint Lucian,Stephenson King,800696547,C,
Jersey,Stuart Syvret,800714278,GA,
Faroese,Høgni Hoydal,800723683,Start,
Macedonia,Džordže Arsov,800739330,Start,
Ivorian,Henriette Diabaté,800750399,Start,
Czech Republic,Jana Bobošíková,800754664,Start,
Cape Colony,John Paterson (Cape politician),800767317,C,
Saint Vincent and the Grenadines,Inga Rhonda King,800881284,Start,
Czech Republic,Franz Anton von Kolowrat-Liebsteinsky,800883412,Start,
South Korean,Kwon Young-ghil,800896932,Start,
South Korean,In Jae-keun,800896981,Stub,
Czech Republic,Viktor Dyk,800925236,C,
Czech Republic,Alois Jirásek,800925518,C,
Rhodesian,Timothy Stamps,800986051,C,
Chechen,Turpal-Ali Atgeriyev,801036587,Start,
Samoan,Aveau Niko Palamo,801057378,Stub,
Saint Lucian,Edmund Estephane,801070713,Stub,
South Ossetian,Eduard Kokoity,801087048,C,
Saint Lucian,Vaughan Lewis,801096569,Start,
"Congo, Dem. Rep. of",Minister of Defence (Democratic Republic of the Congo),801107444,Start,
"Congo, Dem. Rep. of",Moïse Tshombe,801110165,C,
"Congo, Dem. Rep. of",Godefroid Munongo,801112469,Start,
Samoan,Mark Gosche,801142102,C,
Jersey,Edward Trevor (Jersey),801172575,Start,
Montserratian,Premier of Montserrat,801175821,Start,
Samoan,Lauaki Namulauulu Mamoe,801175876,C,
Pitcairn Islands,List of rulers of the Pitcairn Islands,801175970,Start,
Samoan,Tufuga Efi,801182300,C,
Samoan,Salamasina,801186581,Start,
Hondura,Efraín Bu Girón,801194944,Stub,
Samoan,Tupua Tamasese Meaʻole,801213484,Stub,
Saint Lucian,Winston Cenac,801276622,Stub,
Ivorian,Félix Houphouët-Boigny,801282263,B,
Jersey,Philip Ozouf Jr,801284949,C,
Saint Vincent and the Grenadines,Governor-General of Saint Vincent and the Grenadines,801288101,Start,
"Congo, Dem. Rep. of",Thomas Kanza,801348128,GA,
Cape Colony,John X. Merriman,801351302,C,
Omani,Abdullah Al Saidi,801364408,Stub,
Tokelauan,Head of Government of Tokelau,801375710,Start,
Hondura,Walter Antonio Chávez,801414837,Stub,
Cape Colony,Mpilo Walter Benson Rubusana,801417570,Start,
Hondura,Elvia Josefina Amador,801499755,Stub,
South Ossetian,Dmitry Sanakoyev,801560549,Start,
Saint Lucian,Emma Hippolyte,801563305,Stub,
Samoan,Emma Kruse Va'ai,801564093,Start,
Samoan,Tuilaepa Aiono Sailele Malielegaoi,801570141,C,
Incan,Túpac Amaru,801587917,C,
Tokelauan,Falima Teao,801630990,Stub,
Faroese,Kristina Háfoss,801638146,Start,
Rhodesian,Sam Levy,801716406,Start,
Rhodesian,Humphrey Gibbs,801718040,C,
Samoan,Tupua Tamasese,801746626,Stub,
"Congo, Dem. Rep. of",Joseph Okito,801770255,Start,
Rhodesian,P. K. van der Byl,801795215,FA,
Macedonia,Savo Klimovski,801846630,Stub,
Cape Colony,Henry Hugh Clifford,801856640,C,
Rhodesian,Clifford Dupont,801876681,C,
South African Republic,Krugersdorp,801877418,C,
Cape Colony,James Tennant Molteno,801935094,C,
"Congo, Dem. Rep. of",President of the Democratic Republic of the Congo,801936063,C,
Czech Republic,"Alexander von Mensdorff-Pouilly, Prince Dietrichstein von Nicolsburg",801939668,Start,
Samoan,Tupua Tamasese Lealofi III,801944573,Start,
"Congo, Dem. Rep. of",Alexis Thambwe Mwamba,801968131,Start,
Czech Republic,Adriana Krnáčová,801972898,Start,
Hondura,Marlon Tábora Muñoz,802009929,C,
Samoan,Olaf Frederick Nelson,802011301,Start,
Czech Republic,Ondřej Liška,802013967,Stub,
Abkhazia,Zhiuli Shartava,802029007,Start,
Ivorian,List of heads of government of Ivory Coast,802048749,Start,
Czech Republic,Marcel Chládek,802054500,Stub,
Czech Republic,Miroslava Kopicová,802055280,Stub,
Czech Republic,Milan Chovanec,802060218,Stub,
Czech Republic,František Bublan,802060471,Stub,
Czech Republic,Jiří Dienstbier Jr.,802069244,C,
East Timorese,Estanislau da Silva,802072802,C,
Salvadoran,Antonio Saca,802075785,C,
Swaziland,Labotsibeni Mdluli,802149787,C,
Rhodesian,Lance Smith (politician),802151785,GA,
"Congo, Dem. Rep. of",Alphonse Songolo,802154801,C,
"Congo, Dem. Rep. of",List of heads of state of the Democratic Republic of the Congo,802197658,Start,
Samoan,Va'aletoa Sualauvi II,802218035,Start,
Saint Kitts and Nevis,Eustace John,802273418,Stub,
Omani,Said bin Taimur,802317488,C,
Czech Republic,Táňa Fischerová,802360196,C,
Czech Republic,Václav Jehlička,802365998,Stub,
Ivorian,Michel Amani N'Guessan,802374350,Stub,
Guernsey,Richard Weston (treasurer),802409654,C,
"Congo, Dem. Rep. of",Jules Mutebusi,802411491,Start,
Czech Republic,Viliam Široký,802416926,Stub,
Faroese,Sirið Stenberg,802476681,Start,
Faroese,Eyðgunn Samuelsen,802515495,Start,
Czech Republic,Miroslav Lidinský,802531379,Start,
Jersey,Peter Crill,802532217,C,
Chechen,Akhmad Kadyrov,802665757,C,
South Korean,Kang Kum-sil,802728876,Stub,
East Timorese,José Ramos-Horta,802765398,C,
Czech Republic,Petr Cibulka,802834939,Start,
Samoan,Faumuina Tiatia Liuga,802850235,Start,
Czech Republic,Anna Šabatová,802875800,Stub,
South Ossetian,Vadim Brovtsev,802882186,GA,
Ivorian,Jeanne Gervais,802893546,Stub,
Ivorian,Gladys Anoma,802893568,Stub,
Jersey,"John Carteret, 2nd Earl Granville",802912550,C,
Faroese,Edva Jacobsen,802925425,Stub,
Rhodesian,Desmond Lardner-Burke,802930161,B,
Salvadoran,Hugo Lindo,802944082,Start,
Chechen,Dzhokhar Dudayev,802950350,C,
Hondura,Marco Aurelio Soto,802955117,Start,
South Korean,Park Yong-ok,802955917,Stub,
Abkhazia,Yuri Voronov,803018106,Stub,
East Timorese,Fernando de Araújo (East Timorese politician),803043434,C,
Macedonia,Alajdin Demiri,803102189,Stub,
Faroese,Aksel V. Johannesen,803145744,Start,
Chechen,Ilyas Akhmadov,803177211,Start,
Cape Colony,Leander Starr Jameson,803177433,C,
Cape Colony,Henry Bartle Frere,803288472,B,
Cape Colony,"Hercules Robinson, 1st Baron Rosmead",803303116,C,
Czech Republic,Adolph Aloys von Braun,803332354,C,
"Congo, Dem. Rep. of",Pierre Mulele,803335436,C,
South Korean,Jeon Hye-sook,803383030,Stub,
Niuean,Toke Talagi,803392432,C,
Jersey,Darius J. Pearce,803416400,C,
"Congo, Dem. Rep. of",Kasongo Munganga,803421580,C,
Czech Republic,Dana Bérová,803438779,Stub,
Chechen,Ruslan Gelayev,803469952,B,
Incan,Pachacuti,803601556,C,
Dagestani,Head of the Republic of Dagestan,803611453,Start,
East Timorese,Taur Matan Ruak,803615826,C,
Cape Colony,"Henry Loch, 1st Baron Loch",803618569,C,
Rhodesian,John Bredenkamp,803620246,C,
Faroese,Djóni í Geil,803656387,Start,
Czech Republic,František Palacký,803658529,C,
East Timorese,Lúcia Lobato,803664269,Start,
Salvadoran,Schafik Handal,803674894,Start,
Czech Republic,Miroslav Kostelka,803709959,Stub,
Saint Lucian,John Compton,803737879,B,
Czech Republic,Martin Barták,803793256,Stub,
Czech Republic,Karolína Peake,803794383,Start,
Hondura,Arnoldo José Avilés García,803808871,Stub,
Ivorian,Robert Guéï,803820918,Start,
Ivorian,List of heads of state of Ivory Coast,803821448,Start,
Hondura,Coronado Chávez,803835401,Stub,
Hondura,Florencio Xatruch,803835755,Start,
Hondura,Ramón Villeda Morales,803836305,Start,
Hondura,Roberto Suazo Córdova,803836472,Stub,
Hondura,Rafael Leonardo Callejas Romero,803836551,C,
South Korean,Kim Un-yong,803838269,Start,
Cape Colony,Francis Dundas,803908887,Start,
Saint Lucian,Kenny Anthony,803917686,C,
Salvadoran,Ana Vilma de Escobar,803927035,C,
Omani,"Faisal bin Turki, Sultan of Muscat and Oman",803929525,Start,
Ivorian,Francis Wodié,803941004,C,
East Timorese,Francisco Xavier do Amaral,803969836,C,
Czech Republic,Petr Ježek,803983301,Start,
Niuean,Frank Lui,804027488,Start,
Rhodesian,Frank Rhodes (British Army officer),804040348,Start,
Saint Kitts and Nevis,Denzil Douglas,804081241,Start,
Czech Republic,František Udržal,804093764,Stub,
Rhodesian,Ernest Lucas Guest,804101492,FA,
Ivorian,List of vice-presidents of Ivory Coast,804108433,Stub,
Hondura,Vicente Mejía Colindres,804127803,Stub,
Hondura,Miguel Paz Barahona,804127877,Stub,
Hondura,Rafael López Gutiérrez,804128734,Stub,
Hondura,Francisco Bertrand,804129698,Stub,
Hondura,Miguel R. Dávila,804130200,Stub,
Hondura,Manuel Bonilla,804130440,Stub,
Hondura,Terencio Sierra,804131272,Stub,
Hondura,Policarpo Bonilla,804131604,Start,
Hondura,Ponciano Leiva,804131948,Stub,
Hondura,José María Medina,804133123,Start,
Hondura,José Santos Guardiola,804133555,Start,
Salvadoran,Juan Lindo,804134156,Start,
Hondura,José Lino Matute,804138803,Stub,
Hondura,José Santiago Bueso,804139010,Stub,
Hondura,Francisco de Aguilar (politician),804139208,Stub,
Hondura,José Francisco Montes,804139258,Stub,
Hondura,Victoriano Castellanos,804139730,Start,
Hondura,Francisco Inestroza,804139800,Stub,
Hondura,Francisco Cruz Castro,804139868,Stub,
Hondura,Marcelino Mejía,804140099,Stub,
Hondura,Crescencio Gómez,804140159,Stub,
Hondura,Miguel Oquelí Bustillo,804140314,Stub,
Hondura,Francisco Bueso,804140447,Stub,
Somaliland,Adan Ahmed Elmi,804143605,Stub,
Saint Vincent and the Grenadines,Ralph Gonsalves,804164057,C,
"Congo, Dem. Rep. of",Joseph Kasa-Vubu,804197745,GA,
South African Republic,Ben Viljoen,804250196,C,
Chechen,President of Ichkeria,804275742,Start,
Chechen,Said-Khasanom Abumuslimov,804276832,Stub,
Chechen,Vakha Arsanov,804276940,C,
Cape Colony,Lowry Cole,804277547,Start,
Chechen,Shamil Basayev,804277603,B,
Chechen,Supyan Abdullayev,804277842,Start,
Chechen,Zelimkhan Yandarbiyev,804279009,C,
Chechen,Aslan Maskhadov,804279119,C,
Chechen,Abdul-Halim Sadulayev,804279165,C,
Chechen,Dokka Umarov,804279341,B,
Samoan,Malietoa Tanumafili II,804303257,C,
"Congo, Dem. Rep. of",Frédéric Kibassa Maliba,804359582,GA,
Cape Colony,"Sir David Baird, 1st Baronet",804362436,C,
Jersey,Alan Simon Crowcroft,804372746,Start,
Samoan,Fuimaono Naoia Tei,804379271,Stub,
Samoan,Fuiono Senio,804379277,Stub,
Faroese,Elsebeth Mercedis Gunnleygsdóttur,804422035,Stub,
Cape Colony,James Rose Innes,804497413,GA,
Incan,Túpac Katari,804527512,C,
Salvadoran,Mauricio Funes,804528819,GA,
Guernsey,Havilland de Sausmarez,804532628,Start,
Salvadoran,Vice President of El Salvador,804538892,Start,
Chechen,Tapa Tchermoeff,804557776,Start,
Czech Republic,Václav Havel,804569724,C,
Czech Republic,Pavel Fischer,804582256,Stub,
"Congo, Dem. Rep. of",Tabu Ley Rochereau,804587534,GA,
Hondura,Gabriela Nuñez,804587565,Start,
Czech Republic,Eva Tylová,804591494,Stub,
Salvadoran,Francisco Flores Pérez,804606321,C,
Ossetian,Vyacheslav Bitarov,804609656,Stub,
Ossetian,Tamerlan Aguzarov,804609900,Stub,
Macedonia,President of Macedonia,804647547,C,
Rhodesian,Godfrey Chidyausiku,804650400,Start,
Swaziland,Tsandzile Dlamini,804656330,Start,
"Congo, Dem. Rep. of",Leonard Mashako Mamba,804709167,Stub,
South African Republic,Krugerrand,804713000,C,
Czech Republic,Dana Jurásková,804715205,Stub,
Czech Republic,Svatopluk Němeček,804715467,Stub,
Rhodesian,Richard Hope Hall,804743937,GA,
Macedonia,Kiro Gligorov,804752356,C,
Rhodesian,Crosaire,804806363,Start,
Salvadoran,José Napoleón Duarte,804809409,C,
South Korean,Sim Sang-jung,804816596,C,
South Korean,Kim So-yeon (activist),804817210,C,
Czech Republic,Richard Brabec,804820949,Stub,
Saint Kitts and Nevis,Governor-General of Saint Kitts and Nevis,804862608,Start,
Czech Republic,Jan Fischer (politician),804868436,C,
Czech Republic,Martin Pecina,804869147,Stub,
Czech Republic,Vlasta Parkanová,804871394,Stub,
Rhodesian,Gaston Thornicroft,804877226,Start,
Czech Republic,Martin Bursík,804879673,Start,
Saint Kitts and Nevis,Cuthbert Sebastian,804942241,Start,
"Congo, Dem. Rep. of",Franck Mwe di Malila,804943836,C,
South Korean,Yi Yun-yong,804962117,Stub,
South Korean,Byeon Yeong-tae,804962160,Stub,
South Korean,Lee Beom-seok (foreign minister),804962170,Stub,
East Timorese,Vicente Guterres,804966906,Start,
South Korean,Yoo Chang-soon,804968129,Stub,
South Korean,Lee Hyun-jae,804968364,Stub,
South Korean,Hyun Soong-jong,804968483,Stub,
South Korean,Yun Byung-se,804971432,Stub,
South Korean,Kim Sung-hwan (politician),804971477,Stub,
South Korean,Kim Suk-soo,804971686,Stub,
South Korean,Kim Hwang-sik,804971888,C,
South Korean,Chang Sang,804972263,Stub,
Salvadoran,Armando Calderón Sol,804991452,Start,
Czech Republic,Lubomír Zaorálek,805037426,Start,
"Congo, Dem. Rep. of",Mobutu Sese Seko,805038023,B,
Ivorian,Amadou Gon Coulibaly,805044583,Start,
South Korean,Chang Taek-sang,805053478,Start,
Hondura,Augusto Coello,805055004,Stub,
Abkhazia,Gennadi Berulava,805063877,Stub,
Czech Republic,Radola Gajda,805084705,C,
"Congo, Dem. Rep. of",Maurice Mpolo,805086693,C,
Jersey,William Bailhache,805135198,Stub,
Jersey,Michael Birt (barrister),805136001,Start,
Jersey,Frank Ereaut,805136113,Start,
Jersey,Robert Pipon Marett,805136184,Start,
Cape Colony,Nicolaas Frederic de Waal,805157563,Stub,
South Korean,"List of members of the South Korean Constituent Assembly, 1948–50",805158721,Stub,
Czech Republic,Karel Schwarzenberg,805176779,C,
Czech Republic,Vlasta Svobodová,805179298,Stub,
East Timorese,Rui Maria de Araújo,805183458,Start,
Hondura,George Romeo Silvestri,805248828,Stub,
"Congo, Dem. Rep. of",Georges Minsay Booka,805279692,Start,
South Korean,Lim Su-kyung,805293256,C,
Czech Republic,Ondřej Přikryl,805352758,Start,
Salvadoran,Fidel Sánchez Hernández,805353238,Start,
"Congo, Dem. Rep. of",Germain Katanga,805368981,GA,
Rhodesian,"James Graham, 7th Duke of Montrose",805372073,C,
Czech Republic,Milada Horáková,805439919,C,
Salvadoran,Rafael Antonio Gutiérrez,805474907,Start,
Incan,Hilaria Supa,805475200,C,
Jersey,Freddie Cohen,805499715,C,
"Congo, Dem. Rep. of",Daniel Kanza,805523382,Start,
Saint Lucian,Michael Pilgrim,805577053,Stub,
Hondura,Salvador Nasralla,805625721,Start,
Cook Island,Pa Tepaeru Terito Ariki,805657875,C,
Cape Colony,"John Charles Molteno, Jr.",805678535,C,
Guernsey,Edmund Andros,805755298,B,
Abkhazia,Guram Gabiskiria,805775169,Start,
Chechen,Umar Dzhabrailov,805794113,C,
Macedonia,Mayor of the City of Skopje,805813045,C,
Czech Republic,Martin Holcát,805824502,Stub,
"Congo, Dem. Rep. of",Gilbert Pongo,805835265,C,
Somaliland,Muhammad Haji Ibrahim Egal,805840190,C,
Chechen,Ramzan Kadyrov,805869321,FA,
Rojava,Hediya Yousef,805873719,C,
Rojava,Mansur Selum,805873803,Stub,
Macedonia,Gjorge Ivanov,805874186,GA,
"Congo, Dem. Rep. of",Laurent-Désiré Kabila,805923394,C,
South African Republic,Kruger National Park,805927999,GA,
Saint Lucian,Allen Chastanet,805945778,Start,
Czech Republic,Alena Dernerová,805946007,Stub,
South Korean,Ki Dong-min,805956890,Start,
Rhodesian,Ahrn Palley,805960143,C,
Palauan,Baklai Temengil,805961817,Start,
Cape Colony,"Alfred Milner, 1st Viscount Milner",805962015,C,
Abkhazia,Nestor Lakoba,805967589,C,
Hondura,Edmundo Orellana,805984131,Stub,
South Korean,Shin Sung-mo,805991409,Stub,
Salvadoran,Irma Dimas,806010405,Start,
Faroese,Annita á Fríðriksmørk,806011231,Start,
Czech Republic,Marian Jurečka,806049453,Stub,
Samoan,O le Ao o le Malo,806055721,GA,
Salvadoran,Manuel José Arce,806057984,Start,
"Congo, Dem. Rep. of",Prospère Mushobekwa,806071312,Stub,
South Korean,Chun Jung-bae,806073279,Start,
South Korean,"List of members of the National Assembly (South Korea), 2012–2016",806073996,Start,
Czech Republic,Pavel Bělobrádek,806085100,Stub,
Salvadoran,President of El Salvador,806101149,Stub,
South Korean,Han Duck-soo,806124709,Start,
East Timorese,Francisco Guterres,806140876,Start,
South Korean,Roh Tae-woo,806145466,C,
Rhodesian,Allan Savory,806153816,GA,
Macedonia,Josif Mihajlović Jurukovski,806155912,Start,
Hondura,Rafael Pineda Ponce,806178799,C,
South Korean,Han Myeong-sook,806182207,C,
South Korean,Choo Mi-ae,806184478,C,
"Congo, Dem. Rep. of",Eugène Serufuli Ngayabaseka,806189185,Start,
"Congo, Dem. Rep. of",Julien Paluku Kahongya,806189633,C,
Macedonia,Zoran Jolevski,806217021,C,
Ivorian,Alassane Ouattara,806218350,B,
Czech Republic,Dan Ťok,806231200,Stub,
Tokelauan,Jonathan Kings,806257719,Stub,
Tokelauan,Administrator of Tokelau,806258588,Start,
Ivorian,Hortense Aka-Anghui,806287770,Start,
South Korean,Na Kyung-won,806319565,Start,
Cape Colony,Gordon Sprigg,806340214,C,
"Congo, Dem. Rep. of",List of mayors of Goma,806372703,Stub,
"Congo, Dem. Rep. of",Victor Nendaka Bika,806383479,Start,
South Korean,Min Byung-doo,806399005,Start,
Saint Lucian,Governor-General of Saint Lucia,806408228,C,
Montserratian,Governor of Montserrat,806415676,Start,
Ivorian,Dagobert Banzio,806421729,Start,
South Korean,Choe Kwang-shik,806439224,Stub,
South Korean,Choi Kyu-hah,806462613,C,
Czech Republic,Jiří Dienstbier,806490518,Stub,
Macedonia,Zoran Zaev,806504184,C,
Czech Republic,Rudolf Slánský,806504904,C,
South Korean,Won Sei-hoon,806511942,Stub,
South Korean,Won Yoo-chul,806512047,Stub,
"Congo, Dem. Rep. of",Antoine Gizenga cabinet,806524828,Start,
Rhodesian,Ian Smith,806532780,FA,
Czech Republic,Alexandr Vondra,806537585,C,
Czech Republic,Jaroslav Šedivý,806538241,Stub,
Czech Republic,Cyril Svoboda,806538320,C,
Czech Republic,Jan Kohout,806539480,Stub,
"Congo, Dem. Rep. of",André Lubaya,806545614,Start,
South Korean,Kim Boo-kyum,806555857,Start,
Czech Republic,Miloš Vystrčil,806558617,Stub,
Greenlandic,Mimi Karlsen,806560929,Stub,
Czech Republic,Alois Eliáš,806566913,C,
Czech Republic,Jan Skopeček (politician),806569308,Stub,
Czech Republic,Miloslav Ludvík,806586185,Stub,
South Korean,Baek Du-jin,806590508,Stub,
Czech Republic,Martin Kupka,806636602,Stub,
Cape Colony,Cecil Rhodes,806647373,B,
Czech Republic,Matěj Stropnický,806650264,Stub,
Omani,"Thuwaini bin Said, Sultan of Muscat and Oman",806665440,Stub,
Niuean,Joan Viliamu,806666816,Stub,
Czech Republic,Petr Šimerka,806669645,Stub,
Czech Republic,Jaromír Drábek,806669709,Stub,
Czech Republic,Ludmila Müllerová,806669752,Stub,
Czech Republic,Jan Veleba (politician),806672899,Stub,
Czech Republic,František Ringo Čech,806673245,Stub,
Czech Republic,Michaela Marksová,806673585,Stub,
Czech Republic,Robert Pelikán,806708361,Stub,
Czech Republic,Karla Šlechtová,806708532,Stub,
Czech Republic,Stanislav Gross,806720477,C,
Czech Republic,Martin Stropnický,806729653,Stub,
Montserratian,Tony Abbott (governor),806730593,Stub,
Salvadoran,José Matías Delgado,806731535,C,
Cook Island,Tom Marsters,806739780,Start,
South Korean,"List of members of the National Assembly (South Korea), 2016–present",806749773,Start,
Czech Republic,Leoš Heger,806751902,Stub,
Incan,Túpac Amaru II,806761543,C,
Hondura,Selvin Laínez,806796619,Stub,
South Korean,Park Chung-hee,806801805,C,
Ossetian,Anatoly Bibilov,806832826,Start,
Macedonia,Teuta Arifi,806835501,Start,
South Korean,Chun Doo-hwan,806846283,C,
Czech Republic,Bohuslav Svoboda,806850638,Stub,
South Korean,Roh Moo-hyun,806852494,B,
Hondura,Ana Julia García,806875293,Stub,
Czech Republic,Miroslava Němcová,806876791,Stub,
Czech Republic,Zbyněk Stanjura,806900987,Stub,
Omani,Qaboos bin Said al Said,806904421,C,
Faroese,Katrin Kallsberg,806909915,Start,
"Congo, Dem. Rep. of",Jean-Chrysostome Werengemere,806947596,C,
Hondura,Francisco Ferrera,806948506,Stub,
Salvadoran,Vanda Pignato,806958982,B,
Ivorian,Guillaume Soro,806973935,C,
Czech Republic,Drahomíra Miklošová,806988445,Stub,
Czech Republic,Václav Klaus Jr.,806991412,C,
South Korean,Lee Jung-hee,807021657,Start,
South Korean,Song Yo-chan,807029190,Stub,
South Korean,Kitack Lim,807057020,Start,
Czech Republic,Dominik Feri,807058182,Start,
South Korean,Park Geun-hye,807060237,B,
Macedonia,Koce Trajanovski,807092813,Start,
Rhodesian,Garfield Todd,807097467,C,
Czech Republic,Alexandra Udženija,807102237,Stub,
South Korean,Do Jong-hwan,807122658,C,
South Korean,Assassination of Park Chung-hee,807142261,C,
Ivorian,Laurent Gbagbo,807159456,C,
Rhodesian,Douglas Hamilton Ritchie,807159903,C,
Rhodesian,Godfrey Huggins,807160082,C,
Swaziland,Maphevu Dlamini,807175486,Stub,
Salvadoran,José María Lemus,807175924,Stub,
Samoan,William Sio,807177019,C,
Chechen,Idris Gaibov,807180397,Stub,
"Congo, Dem. Rep. of",Jean-Pierre Bemba,807193274,GA,
Saint Lucian,Guy Joseph,807198874,Stub,
Salvadoran,Salvador Sánchez Cerén,807210786,C,
"Congo, Dem. Rep. of",Jason Sendwe,807243537,C,
"Congo, Dem. Rep. of",Gérard Kamanda wa Kamanda,807258156,Stub,
South African Republic,Piet Joubert,807269619,C,
"Congo, Dem. Rep. of",Patrice Lumumba,807273861,FA,
Rhodesian,George Hackwill,807283218,C,
Cape Colony,George Grey,807290539,FA,
Ivorian,Patrick Achi,807296683,Stub,
Faroese,H. C .W. Tórgarð,807297374,Start,
Cape Colony,Peregrine Maitland,807330872,C,
Czech Republic,Ivan Pilný,807333095,Stub,
Czech Republic,Marta Semelová,807334610,Stub,
Czech Republic,Daniel Herman,807334657,Start,
Czech Republic,Jan Hamáček,807353609,Stub,
Chechen,Ruslan Alikhadzhiyev,807354708,Start,
Czech Republic,Michal Horáček,807358143,C,
Czech Republic,Václav Klaus,807382193,C,
Czech Republic,Martin Kuba,807394304,Stub,
Czech Republic,Martin Říman,807394725,Stub,
Czech Republic,Kateřina Valachová,807399097,Stub,
Cape Colony,Thomas Francis Wade,807401513,C,
South Korean,Geum Min,807404528,Stub,
Czech Republic,Vladimír Tošovský,807415625,Stub,
Czech Republic,Pavel Svoboda,807416099,Start,
Czech Republic,Petr Fiala,807420515,Start,
South Korean,Nam Duck-woo,807423123,Stub,
Rhodesian,Henry Everard,807425613,Start,
Rhodesian,John Wrathall,807425747,C,
Hondura,Juan Ángel Arias Boquín,807445333,Start,
Hondura,Francisco Zelaya y Ayes,807445395,Stub,
Omani,Haitham bin Tariq Al Said,807451487,Stub,
Chechen,Ruslan Yamadayev,807454176,B,
Czech Republic,Vladimír Špidla,807462107,C,
